=== test-7: Chromium raw console and exception diagnostics ===
timestamp: 2026-09-10T15:37:00-05:00
repo: /data/data/com.termux/files/home/Obsidian-Seek-MCP
output: /data/data/com.termux/files/home/Obsidian-Seek-MCP/chromium-sidecar-diagnostics-20260910-153700.log

chromium: /data/data/com.termux/files/usr/bin/chromium-browser
Chromium 149.0.7827.155 
{
  "ok": false,
  "report": "{\"ok\":false,\"error\":\"Error: Error: failed to call OrtRun(). ERROR_CODE: 1, ERROR_MESSAGE: Non-zero status code returned while running GatherBlockQuantized node. Name:'/0/auto_model/embeddings/tok_embeddings/Gather_Q4' Status Message: Failed to create a WebGPU compute pipeline: A valid external Instance reference no longer exists.\",\"stack\":\"Error: Error: failed to call OrtRun(). ERROR_CODE: 1, ERROR_MESSAGE: Non-zero status code returned while running GatherBlockQuantized node. Name:'/0/auto_model/embeddings/tok_embeddings/Gather_Q4' Status Message: Failed to create a WebGPU compute pipeline: A valid external Instance reference no longer exists.\\n    at http://127.0.0.1:41717/seek.html:44:20\",\"state\":{\"ready\":true,\"loaded\":false,\"hasSeekEmbed\":\"function\",\"seekEmbedKeys\":[\"__seekReady\",\"__seekLoaded\",\"__seekPending\",\"__seekDebug\",\"__seekRpc\",\"__seekEmbed\"],\"pending\":[],\"fnSource\":\"async (text) => {\\n  try {\\n    console.log('[seek-debug] __seekEmbed invoked', { text, ready: window.__seekReady, loaded: window.__seekLoaded, pending: Array.from(window.__seekPending.keys()) });\\n    if (!window.__seekReady) {\\n      throw new Error('S\"}}",
  "eventCount": 163,
  "relevantEventCount": 163,
  "consoleAndExceptions": [
    {
      "method": "Runtime.consoleAPICalled",
      "params": {
        "type": "log",
        "args": [
          {
            "type": "string",
            "value": "[seek-debug] __seekEmbed invoked"
          },
          {
            "type": "object",
            "className": "Object",
            "description": "Object",
            "objectId": "5810534595104711865.1.1",
            "preview": {
              "type": "object",
              "description": "Object",
              "overflow": false,
              "properties": [
                {
                  "name": "text",
                  "type": "string",
                  "value": "OnePlus 6T raw browser diagnostics"
                },
                {
                  "name": "ready",
                  "type": "boolean",
                  "value": "true"
                },
                {
                  "name": "loaded",
                  "type": "boolean",
                  "value": "false"
                },
                {
                  "name": "pending",
                  "type": "object",
                  "value": "Array(0)",
                  "subtype": "array"
                }
              ]
            }
          }
        ],
        "executionContextId": 1,
        "timestamp": 1789072622707.038,
        "stackTrace": {
          "callFrames": [
            {
              "functionName": "window.__seekEmbed",
              "scriptId": "5",
              "url": "http://127.0.0.1:41717/seek.html",
              "lineNumber": 54,
              "columnNumber": 12
            },
            {
              "functionName": "",
              "scriptId": "8",
              "url": "",
              "lineNumber": 13,
              "columnNumber": 29
            },
            {
              "functionName": "",
              "scriptId": "8",
              "url": "",
              "lineNumber": 33,
              "columnNumber": 6
            }
          ]
        }
      },
      "sessionId": "018E530505AA34E33D0970C457A9D475"
    },
    {
      "method": "Runtime.consoleAPICalled",
      "params": {
        "type": "log",
        "args": [
          {
            "type": "string",
            "value": "[seek-debug] loading model inside browser"
          }
        ],
        "executionContextId": 1,
        "timestamp": 1789072622707.563,
        "stackTrace": {
          "callFrames": [
            {
              "functionName": "window.__seekEmbed",
              "scriptId": "5",
              "url": "http://127.0.0.1:41717/seek.html",
              "lineNumber": 59,
              "columnNumber": 14
            },
            {
              "functionName": "",
              "scriptId": "8",
              "url": "",
              "lineNumber": 13,
              "columnNumber": 29
            },
            {
              "functionName": "",
              "scriptId": "8",
              "url": "",
              "lineNumber": 33,
              "columnNumber": 6
            }
          ]
        }
      },
      "sessionId": "018E530505AA34E33D0970C457A9D475"
    },
    {
      "method": "Runtime.consoleAPICalled",
      "params": {
        "type": "log",
        "args": [
          {
            "type": "string",
            "value": "[seek-debug] rpc request"
          },
          {
            "type": "object",
            "className": "Object",
            "description": "Object",
            "objectId": "5810534595104711865.1.2",
            "preview": {
              "type": "object",
              "description": "Object",
              "overflow": false,
              "properties": [
                {
                  "name": "id",
                  "type": "string",
                  "value": "mcp-af59eea1-9e9f-4248-85a8-6ced05599f1f"
                },
                {
                  "name": "type",
                  "type": "string",
                  "value": "load"
                },
                {
                  "name": "payloadKeys",
                  "type": "object",
                  "value": "Array(5)",
                  "subtype": "array"
                }
              ]
            }
          }
        ],
        "executionContextId": 1,
        "timestamp": 1789072622708.373,
        "stackTrace": {
          "callFrames": [
            {
              "functionName": "",
              "scriptId": "5",
              "url": "http://127.0.0.1:41717/seek.html",
              "lineNumber": 48,
              "columnNumber": 10
            },
            {
              "functionName": "window.__seekRpc",
              "scriptId": "5",
              "url": "http://127.0.0.1:41717/seek.html",
              "lineNumber": 46,
              "columnNumber": 38
            },
            {
              "functionName": "window.__seekEmbed",
              "scriptId": "5",
              "url": "http://127.0.0.1:41717/seek.html",
              "lineNumber": 60,
              "columnNumber": 38
            },
            {
              "functionName": "",
              "scriptId": "8",
              "url": "",
              "lineNumber": 13,
              "columnNumber": 29
            },
            {
              "functionName": "",
              "scriptId": "8",
              "url": "",
              "lineNumber": 33,
              "columnNumber": 6
            }
          ]
        }
      },
      "sessionId": "018E530505AA34E33D0970C457A9D475"
    },
    {
      "method": "Runtime.consoleAPICalled",
      "params": {
        "type": "log",
        "args": [
          {
            "type": "string",
            "value": "[seek-debug] ignoring non-reply message"
          },
          {
            "type": "object",
            "className": "Object",
            "description": "Object",
            "objectId": "5810534595104711865.1.3",
            "preview": {
              "type": "object",
              "description": "Object",
              "overflow": false,
              "properties": [
                {
                  "name": "id",
                  "type": "string",
                  "value": "mcp-af59eea1-9e9f-4248-85a8-6ced05599f1f"
                },
                {
                  "name": "type",
                  "type": "string",
                  "value": "load"
                },
                {
                  "name": "keys",
                  "type": "object",
                  "value": "Array(3)",
                  "subtype": "array"
                }
              ]
            }
          }
        ],
        "executionContextId": 1,
        "timestamp": 1789072622709.295,
        "stackTrace": {
          "callFrames": [
            {
              "functionName": "",
              "scriptId": "5",
              "url": "http://127.0.0.1:41717/seek.html",
              "lineNumber": 26,
              "columnNumber": 12
            }
          ]
        }
      },
      "sessionId": "018E530505AA34E33D0970C457A9D475"
    },
    {
      "method": "Runtime.consoleAPICalled",
      "params": {
        "type": "log",
        "args": [
          {
            "type": "string",
            "value": "[seek-debug] ignoring non-reply message"
          },
          {
            "type": "object",
            "className": "Object",
            "description": "Object",
            "objectId": "5810534595104711865.1.4",
            "preview": {
              "type": "object",
              "description": "Object",
              "overflow": false,
              "properties": [
                {
                  "name": "id",
                  "type": "string",
                  "value": "__event"
                },
                {
                  "name": "type",
                  "type": "undefined",
                  "value": "undefined"
                },
                {
                  "name": "keys",
                  "type": "object",
                  "value": "Array(2)",
                  "subtype": "array"
                }
              ]
            }
          }
        ],
        "executionContextId": 1,
        "timestamp": 1789072645224.106,
        "stackTrace": {
          "callFrames": [
            {
              "functionName": "",
              "scriptId": "5",
              "url": "http://127.0.0.1:41717/seek.html",
              "lineNumber": 26,
              "columnNumber": 12
            }
          ]
        }
      },
      "sessionId": "018E530505AA34E33D0970C457A9D475"
    },
    {
      "method": "Runtime.consoleAPICalled",
      "params": {
        "type": "error",
        "args": [
          {
            "type": "string",
            "value": "\u001b[1;31m2026-09-10 15:37:25.517900 [E:onnxruntime:, sequential_executor.cc:614 ExecuteKernel] Non-zero status code returned while running GatherBlockQuantized node. Name:'/0/auto_model/embeddings/tok_embeddings/Gather_Q4' Status Message: Failed to create a WebGPU compute pipeline: A valid external Instance reference no longer exists.\u001b[m"
          }
        ],
        "executionContextId": 1,
        "timestamp": 1789072645551.238,
        "stackTrace": {
          "callFrames": [
            {
              "functionName": "Qc",
              "scriptId": "10",
              "url": "blob:http://127.0.0.1:41717/815ce88f-f238-479d-af2d-377936773039",
              "lineNumber": 82,
              "columnNumber": 231
            },
            {
              "functionName": "$func11927",
              "scriptId": "11",
              "url": "wasm://wasm/059e6b2a",
              "lineNumber": 0,
              "columnNumber": 17528993
            },
            {
              "functionName": "$func2183",
              "scriptId": "11",
              "url": "wasm://wasm/059e6b2a",
              "lineNumber": 0,
              "columnNumber": 3086997
            },
            {
              "functionName": "$func949",
              "scriptId": "11",
              "url": "wasm://wasm/059e6b2a",
              "lineNumber": 0,
              "columnNumber": 1014391
            },
            {
              "functionName": "$func11794",
              "scriptId": "11",
              "url": "wasm://wasm/059e6b2a",
              "lineNumber": 0,
              "columnNumber": 17469532
            },
            {
              "functionName": "$func826",
              "scriptId": "11",
              "url": "wasm://wasm/059e6b2a",
              "lineNumber": 0,
              "columnNumber": 833435
            },
            {
              "functionName": "$Hd",
              "scriptId": "11",
              "url": "wasm://wasm/059e6b2a",
              "lineNumber": 0,
              "columnNumber": 17180380
            },
            {
              "functionName": "b",
              "scriptId": "10",
              "url": "blob:http://127.0.0.1:41717/815ce88f-f238-479d-af2d-377936773039",
              "lineNumber": 43,
              "columnNumber": 52
            },
            {
              "functionName": "bd",
              "scriptId": "10",
              "url": "blob:http://127.0.0.1:41717/815ce88f-f238-479d-af2d-377936773039",
              "lineNumber": 97,
              "columnNumber": 48
            },
            {
              "functionName": "$func165",
              "scriptId": "11",
              "url": "wasm://wasm/059e6b2a",
              "lineNumber": 0,
              "columnNumber": 60989
            },
            {
              "functionName": "$func12990",
              "scriptId": "11",
              "url": "wasm://wasm/059e6b2a",
              "lineNumber": 0,
              "columnNumber": 18591913
            },
            {
              "functionName": "$func197",
              "scriptId": "11",
              "url": "wasm://wasm/059e6b2a",
              "lineNumber": 0,
              "columnNumber": 93995
            },
            {
              "functionName": "$func11072",
              "scriptId": "11",
              "url": "wasm://wasm/059e6b2a",
              "lineNumber": 0,
              "columnNumber": 16991031
            },
            {
              "functionName": "$func2110",
              "scriptId": "11",
              "url": "wasm://wasm/059e6b2a",
              "lineNumber": 0,
              "columnNumber": 2995504
            },
            {
              "functionName": "$func5078",
              "scriptId": "11",
              "url": "wasm://wasm/059e6b2a",
              "lineNumber": 0,
              "columnNumber": 8380616
            },
            {
              "functionName": "$func5084",
              "scriptId": "11",
              "url": "wasm://wasm/059e6b2a",
              "lineNumber": 0,
              "columnNumber": 8407676
            },
            {
              "functionName": "$func2663",
              "scriptId": "11",
              "url": "wasm://wasm/059e6b2a",
              "lineNumber": 0,
              "columnNumber": 3843567
            },
            {
              "functionName": "$func2678",
              "scriptId": "11",
              "url": "wasm://wasm/059e6b2a",
              "lineNumber": 0,
              "columnNumber": 3936355
            },
            {
              "functionName": "$Qd",
              "scriptId": "11",
              "url": "wasm://wasm/059e6b2a",
              "lineNumber": 0,
              "columnNumber": 17178366
            },
            {
              "functionName": "b",
              "scriptId": "10",
              "url": "blob:http://127.0.0.1:41717/815ce88f-f238-479d-af2d-377936773039",
              "lineNumber": 43,
              "columnNumber": 52
            },
            {
              "functionName": "xd",
              "scriptId": "10",
              "url": "blob:http://127.0.0.1:41717/815ce88f-f238-479d-af2d-377936773039",
              "lineNumber": 98,
              "columnNumber": 155
            },
            {
              "functionName": "$func4352",
              "scriptId": "11",
              "url": "wasm://wasm/059e6b2a",
              "lineNumber": 0,
              "columnNumber": 7026922
            },
            {
              "functionName": "$zc",
              "scriptId": "11",
              "url": "wasm://wasm/059e6b2a",
              "lineNumber": 0,
              "columnNumber": 17154102
            },
            {
              "functionName": "b",
              "scriptId": "10",
              "url": "blob:http://127.0.0.1:41717/815ce88f-f238-479d-af2d-377936773039",
              "lineNumber": 43,
              "columnNumber": 52
            },
            {
              "functionName": "Eg",
              "scriptId": "10",
              "url": "blob:http://127.0.0.1:41717/815ce88f-f238-479d-af2d-377936773039",
              "lineNumber": 44,
              "columnNumber": 265
            },
            {
              "functionName": "",
              "scriptId": "10",
              "url": "blob:http://127.0.0.1:41717/815ce88f-f238-479d-af2d-377936773039",
              "lineNumber": 45,
              "columnNumber": 176
            }
          ]
        }
      },
      "sessionId": "018E530505AA34E33D0970C457A9D475"
    },
    {
      "method": "Runtime.consoleAPICalled",
      "params": {
        "type": "error",
        "args": [
          {
            "type": "string",
            "value": "An error occurred during model execution: \"Error: failed to call OrtRun(). ERROR_CODE: 1, ERROR_MESSAGE: Non-zero status code returned while running GatherBlockQuantized node. Name:'/0/auto_model/embeddings/tok_embeddings/Gather_Q4' Status Message: Failed to create a WebGPU compute pipeline: A valid external Instance reference no longer exists.\"."
          }
        ],
        "executionContextId": 1,
        "timestamp": 1789072645566.036,
        "stackTrace": {
          "callFrames": [
            {
              "functionName": "error",
              "scriptId": "9",
              "url": "https://cdn.jsdelivr.net/npm/@huggingface/transformers@4.2.0",
              "lineNumber": 0,
              "columnNumber": 3812
            },
            {
              "functionName": "ue",
              "scriptId": "9",
              "url": "https://cdn.jsdelivr.net/npm/@huggingface/transformers@4.2.0",
              "lineNumber": 36,
              "columnNumber": 17484
            }
          ]
        }
      },
      "sessionId": "018E530505AA34E33D0970C457A9D475"
    },
    {
      "method": "Runtime.consoleAPICalled",
      "params": {
        "type": "error",
        "args": [
          {
            "type": "string",
            "value": "Inputs given to model:"
          },
          {
            "type": "object",
            "className": "Object",
            "description": "Object",
            "objectId": "5810534595104711865.1.5",
            "preview": {
              "type": "object",
              "description": "Object",
              "overflow": false,
              "properties": [
                {
                  "name": "input_ids",
                  "type": "object",
                  "value": "Object"
                },
                {
                  "name": "attention_mask",
                  "type": "object",
                  "value": "Object"
                }
              ]
            }
          }
        ],
        "executionContextId": 1,
        "timestamp": 1789072645566.432,
        "stackTrace": {
          "callFrames": [
            {
              "functionName": "error",
              "scriptId": "9",
              "url": "https://cdn.jsdelivr.net/npm/@huggingface/transformers@4.2.0",
              "lineNumber": 0,
              "columnNumber": 3812
            },
            {
              "functionName": "ue",
              "scriptId": "9",
              "url": "https://cdn.jsdelivr.net/npm/@huggingface/transformers@4.2.0",
              "lineNumber": 36,
              "columnNumber": 17546
            }
          ]
        }
      },
      "sessionId": "018E530505AA34E33D0970C457A9D475"
    },
    {
      "method": "Runtime.consoleAPICalled",
      "params": {
        "type": "error",
        "args": [
          {
            "type": "string",
            "value": "An error occurred during model execution: \"Error: failed to call OrtRun(). ERROR_CODE: 1, ERROR_MESSAGE: Non-zero status code returned while running GatherBlockQuantized node. Name:'/0/auto_model/embeddings/tok_embeddings/Gather_Q4' Status Message: Failed to create a WebGPU compute pipeline: A valid external Instance reference no longer exists.\"."
          }
        ],
        "executionContextId": 1,
        "timestamp": 1789072645567.633,
        "stackTrace": {
          "callFrames": [
            {
              "functionName": "error",
              "scriptId": "9",
              "url": "https://cdn.jsdelivr.net/npm/@huggingface/transformers@4.2.0",
              "lineNumber": 0,
              "columnNumber": 3812
            },
            {
              "functionName": "ue",
              "scriptId": "9",
              "url": "https://cdn.jsdelivr.net/npm/@huggingface/transformers@4.2.0",
              "lineNumber": 36,
              "columnNumber": 17484
            }
          ]
        }
      },
      "sessionId": "018E530505AA34E33D0970C457A9D475"
    },
    {
      "method": "Runtime.consoleAPICalled",
      "params": {
        "type": "error",
        "args": [
          {
            "type": "string",
            "value": "Inputs given to model:"
          },
          {
            "type": "object",
            "className": "Object",
            "description": "Object",
            "objectId": "5810534595104711865.1.6",
            "preview": {
              "type": "object",
              "description": "Object",
              "overflow": false,
              "properties": [
                {
                  "name": "input_ids",
                  "type": "object",
                  "value": "Object"
                },
                {
                  "name": "attention_mask",
                  "type": "object",
                  "value": "Object"
                }
              ]
            }
          }
        ],
        "executionContextId": 1,
        "timestamp": 1789072645567.84,
        "stackTrace": {
          "callFrames": [
            {
              "functionName": "error",
              "scriptId": "9",
              "url": "https://cdn.jsdelivr.net/npm/@huggingface/transformers@4.2.0",
              "lineNumber": 0,
              "columnNumber": 3812
            },
            {
              "functionName": "ue",
              "scriptId": "9",
              "url": "https://cdn.jsdelivr.net/npm/@huggingface/transformers@4.2.0",
              "lineNumber": 36,
              "columnNumber": 17546
            }
          ]
        }
      },
      "sessionId": "018E530505AA34E33D0970C457A9D475"
    },
    {
      "method": "Runtime.consoleAPICalled",
      "params": {
        "type": "error",
        "args": [
          {
            "type": "string",
            "value": "An error occurred during model execution: \"Error: failed to call OrtRun(). ERROR_CODE: 1, ERROR_MESSAGE: Non-zero status code returned while running GatherBlockQuantized node. Name:'/0/auto_model/embeddings/tok_embeddings/Gather_Q4' Status Message: Failed to create a WebGPU compute pipeline: A valid external Instance reference no longer exists.\"."
          }
        ],
        "executionContextId": 1,
        "timestamp": 1789072645568.975,
        "stackTrace": {
          "callFrames": [
            {
              "functionName": "error",
              "scriptId": "9",
              "url": "https://cdn.jsdelivr.net/npm/@huggingface/transformers@4.2.0",
              "lineNumber": 0,
              "columnNumber": 3812
            },
            {
              "functionName": "ue",
              "scriptId": "9",
              "url": "https://cdn.jsdelivr.net/npm/@huggingface/transformers@4.2.0",
              "lineNumber": 36,
              "columnNumber": 17484
            }
          ]
        }
      },
      "sessionId": "018E530505AA34E33D0970C457A9D475"
    },
    {
      "method": "Runtime.consoleAPICalled",
      "params": {
        "type": "error",
        "args": [
          {
            "type": "string",
            "value": "Inputs given to model:"
          },
          {
            "type": "object",
            "className": "Object",
            "description": "Object",
            "objectId": "5810534595104711865.1.7",
            "preview": {
              "type": "object",
              "description": "Object",
              "overflow": false,
              "properties": [
                {
                  "name": "input_ids",
                  "type": "object",
                  "value": "Object"
                },
                {
                  "name": "attention_mask",
                  "type": "object",
                  "value": "Object"
                }
              ]
            }
          }
        ],
        "executionContextId": 1,
        "timestamp": 1789072645569.246,
        "stackTrace": {
          "callFrames": [
            {
              "functionName": "error",
              "scriptId": "9",
              "url": "https://cdn.jsdelivr.net/npm/@huggingface/transformers@4.2.0",
              "lineNumber": 0,
              "columnNumber": 3812
            },
            {
              "functionName": "ue",
              "scriptId": "9",
              "url": "https://cdn.jsdelivr.net/npm/@huggingface/transformers@4.2.0",
              "lineNumber": 36,
              "columnNumber": 17546
            }
          ]
        }
      },
      "sessionId": "018E530505AA34E33D0970C457A9D475"
    },
    {
      "method": "Runtime.consoleAPICalled",
      "params": {
        "type": "error",
        "args": [
          {
            "type": "string",
            "value": "An error occurred during model execution: \"Error: failed to call OrtRun(). ERROR_CODE: 1, ERROR_MESSAGE: Non-zero status code returned while running GatherBlockQuantized node. Name:'/0/auto_model/embeddings/tok_embeddings/Gather_Q4' Status Message: Failed to create a WebGPU compute pipeline: A valid external Instance reference no longer exists.\"."
          }
        ],
        "executionContextId": 1,
        "timestamp": 1789072645570.414,
        "stackTrace": {
          "callFrames": [
            {
              "functionName": "error",
              "scriptId": "9",
              "url": "https://cdn.jsdelivr.net/npm/@huggingface/transformers@4.2.0",
              "lineNumber": 0,
              "columnNumber": 3812
            },
            {
              "functionName": "ue",
              "scriptId": "9",
              "url": "https://cdn.jsdelivr.net/npm/@huggingface/transformers@4.2.0",
              "lineNumber": 36,
              "columnNumber": 17484
            }
          ]
        }
      },
      "sessionId": "018E530505AA34E33D0970C457A9D475"
    },
    {
      "method": "Runtime.consoleAPICalled",
      "params": {
        "type": "error",
        "args": [
          {
            "type": "string",
            "value": "Inputs given to model:"
          },
          {
            "type": "object",
            "className": "Object",
            "description": "Object",
            "objectId": "5810534595104711865.1.8",
            "preview": {
              "type": "object",
              "description": "Object",
              "overflow": false,
              "properties": [
                {
                  "name": "input_ids",
                  "type": "object",
                  "value": "Object"
                },
                {
                  "name": "attention_mask",
                  "type": "object",
                  "value": "Object"
                }
              ]
            }
          }
        ],
        "executionContextId": 1,
        "timestamp": 1789072645570.65,
        "stackTrace": {
          "callFrames": [
            {
              "functionName": "error",
              "scriptId": "9",
              "url": "https://cdn.jsdelivr.net/npm/@huggingface/transformers@4.2.0",
              "lineNumber": 0,
              "columnNumber": 3812
            },
            {
              "functionName": "ue",
              "scriptId": "9",
              "url": "https://cdn.jsdelivr.net/npm/@huggingface/transformers@4.2.0",
              "lineNumber": 36,
              "columnNumber": 17546
            }
          ]
        }
      },
      "sessionId": "018E530505AA34E33D0970C457A9D475"
    },
    {
      "method": "Runtime.consoleAPICalled",
      "params": {
        "type": "error",
        "args": [
          {
            "type": "string",
            "value": "An error occurred during model execution: \"Error: failed to call OrtRun(). ERROR_CODE: 1, ERROR_MESSAGE: Non-zero status code returned while running GatherBlockQuantized node. Name:'/0/auto_model/embeddings/tok_embeddings/Gather_Q4' Status Message: Failed to create a WebGPU compute pipeline: A valid external Instance reference no longer exists.\"."
          }
        ],
        "executionContextId": 1,
        "timestamp": 1789072645571.991,
        "stackTrace": {
          "callFrames": [
            {
              "functionName": "error",
              "scriptId": "9",
              "url": "https://cdn.jsdelivr.net/npm/@huggingface/transformers@4.2.0",
              "lineNumber": 0,
              "columnNumber": 3812
            },
            {
              "functionName": "ue",
              "scriptId": "9",
              "url": "https://cdn.jsdelivr.net/npm/@huggingface/transformers@4.2.0",
              "lineNumber": 36,
              "columnNumber": 17484
            }
          ]
        }
      },
      "sessionId": "018E530505AA34E33D0970C457A9D475"
    },
    {
      "method": "Runtime.consoleAPICalled",
      "params": {
        "type": "error",
        "args": [
          {
            "type": "string",
            "value": "Inputs given to model:"
          },
          {
            "type": "object",
            "className": "Object",
            "description": "Object",
            "objectId": "5810534595104711865.1.9",
            "preview": {
              "type": "object",
              "description": "Object",
              "overflow": false,
              "properties": [
                {
                  "name": "input_ids",
                  "type": "object",
                  "value": "Object"
                },
                {
                  "name": "attention_mask",
                  "type": "object",
                  "value": "Object"
                }
              ]
            }
          }
        ],
        "executionContextId": 1,
        "timestamp": 1789072645572.271,
        "stackTrace": {
          "callFrames": [
            {
              "functionName": "error",
              "scriptId": "9",
              "url": "https://cdn.jsdelivr.net/npm/@huggingface/transformers@4.2.0",
              "lineNumber": 0,
              "columnNumber": 3812
            },
            {
              "functionName": "ue",
              "scriptId": "9",
              "url": "https://cdn.jsdelivr.net/npm/@huggingface/transformers@4.2.0",
              "lineNumber": 36,
              "columnNumber": 17546
            }
          ]
        }
      },
      "sessionId": "018E530505AA34E33D0970C457A9D475"
    },
    {
      "method": "Runtime.consoleAPICalled",
      "params": {
        "type": "error",
        "args": [
          {
            "type": "string",
            "value": "An error occurred during model execution: \"Error: failed to call OrtRun(). ERROR_CODE: 1, ERROR_MESSAGE: Non-zero status code returned while running GatherBlockQuantized node. Name:'/0/auto_model/embeddings/tok_embeddings/Gather_Q4' Status Message: Failed to create a WebGPU compute pipeline: A valid external Instance reference no longer exists.\"."
          }
        ],
        "executionContextId": 1,
        "timestamp": 1789072645573.371,
        "stackTrace": {
          "callFrames": [
            {
              "functionName": "error",
              "scriptId": "9",
              "url": "https://cdn.jsdelivr.net/npm/@huggingface/transformers@4.2.0",
              "lineNumber": 0,
              "columnNumber": 3812
            },
            {
              "functionName": "ue",
              "scriptId": "9",
              "url": "https://cdn.jsdelivr.net/npm/@huggingface/transformers@4.2.0",
              "lineNumber": 36,
              "columnNumber": 17484
            }
          ]
        }
      },
      "sessionId": "018E530505AA34E33D0970C457A9D475"
    },
    {
      "method": "Runtime.consoleAPICalled",
      "params": {
        "type": "error",
        "args": [
          {
            "type": "string",
            "value": "Inputs given to model:"
          },
          {
            "type": "object",
            "className": "Object",
            "description": "Object",
            "objectId": "5810534595104711865.1.10",
            "preview": {
              "type": "object",
              "description": "Object",
              "overflow": false,
              "properties": [
                {
                  "name": "input_ids",
                  "type": "object",
                  "value": "Object"
                },
                {
                  "name": "attention_mask",
                  "type": "object",
                  "value": "Object"
                }
              ]
            }
          }
        ],
        "executionContextId": 1,
        "timestamp": 1789072645573.599,
        "stackTrace": {
          "callFrames": [
            {
              "functionName": "error",
              "scriptId": "9",
              "url": "https://cdn.jsdelivr.net/npm/@huggingface/transformers@4.2.0",
              "lineNumber": 0,
              "columnNumber": 3812
            },
            {
              "functionName": "ue",
              "scriptId": "9",
              "url": "https://cdn.jsdelivr.net/npm/@huggingface/transformers@4.2.0",
              "lineNumber": 36,
              "columnNumber": 17546
            }
          ]
        }
      },
      "sessionId": "018E530505AA34E33D0970C457A9D475"
    },
    {
      "method": "Runtime.consoleAPICalled",
      "params": {
        "type": "error",
        "args": [
          {
            "type": "string",
            "value": "An error occurred during model execution: \"Error: failed to call OrtRun(). ERROR_CODE: 1, ERROR_MESSAGE: Non-zero status code returned while running GatherBlockQuantized node. Name:'/0/auto_model/embeddings/tok_embeddings/Gather_Q4' Status Message: Failed to create a WebGPU compute pipeline: A valid external Instance reference no longer exists.\"."
          }
        ],
        "executionContextId": 1,
        "timestamp": 1789072645574.66,
        "stackTrace": {
          "callFrames": [
            {
              "functionName": "error",
              "scriptId": "9",
              "url": "https://cdn.jsdelivr.net/npm/@huggingface/transformers@4.2.0",
              "lineNumber": 0,
              "columnNumber": 3812
            },
            {
              "functionName": "ue",
              "scriptId": "9",
              "url": "https://cdn.jsdelivr.net/npm/@huggingface/transformers@4.2.0",
              "lineNumber": 36,
              "columnNumber": 17484
            }
          ]
        }
      },
      "sessionId": "018E530505AA34E33D0970C457A9D475"
    },
    {
      "method": "Runtime.consoleAPICalled",
      "params": {
        "type": "error",
        "args": [
          {
            "type": "string",
            "value": "Inputs given to model:"
          },
          {
            "type": "object",
            "className": "Object",
            "description": "Object",
            "objectId": "5810534595104711865.1.11",
            "preview": {
              "type": "object",
              "description": "Object",
              "overflow": false,
              "properties": [
                {
                  "name": "input_ids",
                  "type": "object",
                  "value": "Object"
                },
                {
                  "name": "attention_mask",
                  "type": "object",
                  "value": "Object"
                }
              ]
            }
          }
        ],
        "executionContextId": 1,
        "timestamp": 1789072645574.906,
        "stackTrace": {
          "callFrames": [
            {
              "functionName": "error",
              "scriptId": "9",
              "url": "https://cdn.jsdelivr.net/npm/@huggingface/transformers@4.2.0",
              "lineNumber": 0,
              "columnNumber": 3812
            },
            {
              "functionName": "ue",
              "scriptId": "9",
              "url": "https://cdn.jsdelivr.net/npm/@huggingface/transformers@4.2.0",
              "lineNumber": 36,
              "columnNumber": 17546
            }
          ]
        }
      },
      "sessionId": "018E530505AA34E33D0970C457A9D475"
    },
    {
      "method": "Runtime.consoleAPICalled",
      "params": {
        "type": "error",
        "args": [
          {
            "type": "string",
            "value": "An error occurred during model execution: \"Error: failed to call OrtRun(). ERROR_CODE: 1, ERROR_MESSAGE: Non-zero status code returned while running GatherBlockQuantized node. Name:'/0/auto_model/embeddings/tok_embeddings/Gather_Q4' Status Message: Failed to create a WebGPU compute pipeline: A valid external Instance reference no longer exists.\"."
          }
        ],
        "executionContextId": 1,
        "timestamp": 1789072645575.775,
        "stackTrace": {
          "callFrames": [
            {
              "functionName": "error",
              "scriptId": "9",
              "url": "https://cdn.jsdelivr.net/npm/@huggingface/transformers@4.2.0",
              "lineNumber": 0,
              "columnNumber": 3812
            },
            {
              "functionName": "ue",
              "scriptId": "9",
              "url": "https://cdn.jsdelivr.net/npm/@huggingface/transformers@4.2.0",
              "lineNumber": 36,
              "columnNumber": 17484
            }
          ]
        }
      },
      "sessionId": "018E530505AA34E33D0970C457A9D475"
    },
    {
      "method": "Runtime.consoleAPICalled",
      "params": {
        "type": "error",
        "args": [
          {
            "type": "string",
            "value": "Inputs given to model:"
          },
          {
            "type": "object",
            "className": "Object",
            "description": "Object",
            "objectId": "5810534595104711865.1.12",
            "preview": {
              "type": "object",
              "description": "Object",
              "overflow": false,
              "properties": [
                {
                  "name": "input_ids",
                  "type": "object",
                  "value": "Object"
                },
                {
                  "name": "attention_mask",
                  "type": "object",
                  "value": "Object"
                }
              ]
            }
          }
        ],
        "executionContextId": 1,
        "timestamp": 1789072645575.988,
        "stackTrace": {
          "callFrames": [
            {
              "functionName": "error",
              "scriptId": "9",
              "url": "https://cdn.jsdelivr.net/npm/@huggingface/transformers@4.2.0",
              "lineNumber": 0,
              "columnNumber": 3812
            },
            {
              "functionName": "ue",
              "scriptId": "9",
              "url": "https://cdn.jsdelivr.net/npm/@huggingface/transformers@4.2.0",
              "lineNumber": 36,
              "columnNumber": 17546
            }
          ]
        }
      },
      "sessionId": "018E530505AA34E33D0970C457A9D475"
    },
    {
      "method": "Runtime.consoleAPICalled",
      "params": {
        "type": "error",
        "args": [
          {
            "type": "string",
            "value": "An error occurred during model execution: \"Error: failed to call OrtRun(). ERROR_CODE: 1, ERROR_MESSAGE: Non-zero status code returned while running GatherBlockQuantized node. Name:'/0/auto_model/embeddings/tok_embeddings/Gather_Q4' Status Message: Failed to create a WebGPU compute pipeline: A valid external Instance reference no longer exists.\"."
          }
        ],
        "executionContextId": 1,
        "timestamp": 1789072645577.068,
        "stackTrace": {
          "callFrames": [
            {
              "functionName": "error",
              "scriptId": "9",
              "url": "https://cdn.jsdelivr.net/npm/@huggingface/transformers@4.2.0",
              "lineNumber": 0,
              "columnNumber": 3812
            },
            {
              "functionName": "ue",
              "scriptId": "9",
              "url": "https://cdn.jsdelivr.net/npm/@huggingface/transformers@4.2.0",
              "lineNumber": 36,
              "columnNumber": 17484
            }
          ]
        }
      },
      "sessionId": "018E530505AA34E33D0970C457A9D475"
    },
    {
      "method": "Runtime.consoleAPICalled",
      "params": {
        "type": "error",
        "args": [
          {
            "type": "string",
            "value": "Inputs given to model:"
          },
          {
            "type": "object",
            "className": "Object",
            "description": "Object",
            "objectId": "5810534595104711865.1.13",
            "preview": {
              "type": "object",
              "description": "Object",
              "overflow": false,
              "properties": [
                {
                  "name": "input_ids",
                  "type": "object",
                  "value": "Object"
                },
                {
                  "name": "attention_mask",
                  "type": "object",
                  "value": "Object"
                }
              ]
            }
          }
        ],
        "executionContextId": 1,
        "timestamp": 1789072645577.272,
        "stackTrace": {
          "callFrames": [
            {
              "functionName": "error",
              "scriptId": "9",
              "url": "https://cdn.jsdelivr.net/npm/@huggingface/transformers@4.2.0",
              "lineNumber": 0,
              "columnNumber": 3812
            },
            {
              "functionName": "ue",
              "scriptId": "9",
              "url": "https://cdn.jsdelivr.net/npm/@huggingface/transformers@4.2.0",
              "lineNumber": 36,
              "columnNumber": 17546
            }
          ]
        }
      },
      "sessionId": "018E530505AA34E33D0970C457A9D475"
    },
    {
      "method": "Runtime.consoleAPICalled",
      "params": {
        "type": "error",
        "args": [
          {
            "type": "string",
            "value": "An error occurred during model execution: \"Error: failed to call OrtRun(). ERROR_CODE: 1, ERROR_MESSAGE: Non-zero status code returned while running GatherBlockQuantized node. Name:'/0/auto_model/embeddings/tok_embeddings/Gather_Q4' Status Message: Failed to create a WebGPU compute pipeline: A valid external Instance reference no longer exists.\"."
          }
        ],
        "executionContextId": 1,
        "timestamp": 1789072645578.56,
        "stackTrace": {
          "callFrames": [
            {
              "functionName": "error",
              "scriptId": "9",
              "url": "https://cdn.jsdelivr.net/npm/@huggingface/transformers@4.2.0",
              "lineNumber": 0,
              "columnNumber": 3812
            },
            {
              "functionName": "ue",
              "scriptId": "9",
              "url": "https://cdn.jsdelivr.net/npm/@huggingface/transformers@4.2.0",
              "lineNumber": 36,
              "columnNumber": 17484
            }
          ]
        }
      },
      "sessionId": "018E530505AA34E33D0970C457A9D475"
    },
    {
      "method": "Runtime.consoleAPICalled",
      "params": {
        "type": "error",
        "args": [
          {
            "type": "string",
            "value": "Inputs given to model:"
          },
          {
            "type": "object",
            "className": "Object",
            "description": "Object",
            "objectId": "5810534595104711865.1.14",
            "preview": {
              "type": "object",
              "description": "Object",
              "overflow": false,
              "properties": [
                {
                  "name": "input_ids",
                  "type": "object",
                  "value": "Object"
                },
                {
                  "name": "attention_mask",
                  "type": "object",
                  "value": "Object"
                }
              ]
            }
          }
        ],
        "executionContextId": 1,
        "timestamp": 1789072645578.822,
        "stackTrace": {
          "callFrames": [
            {
              "functionName": "error",
              "scriptId": "9",
              "url": "https://cdn.jsdelivr.net/npm/@huggingface/transformers@4.2.0",
              "lineNumber": 0,
              "columnNumber": 3812
            },
            {
              "functionName": "ue",
              "scriptId": "9",
              "url": "https://cdn.jsdelivr.net/npm/@huggingface/transformers@4.2.0",
              "lineNumber": 36,
              "columnNumber": 17546
            }
          ]
        }
      },
      "sessionId": "018E530505AA34E33D0970C457A9D475"
    },
    {
      "method": "Runtime.consoleAPICalled",
      "params": {
        "type": "error",
        "args": [
          {
            "type": "string",
            "value": "An error occurred during model execution: \"Error: failed to call OrtRun(). ERROR_CODE: 1, ERROR_MESSAGE: Non-zero status code returned while running GatherBlockQuantized node. Name:'/0/auto_model/embeddings/tok_embeddings/Gather_Q4' Status Message: Failed to create a WebGPU compute pipeline: A valid external Instance reference no longer exists.\"."
          }
        ],
        "executionContextId": 1,
        "timestamp": 1789072645579.812,
        "stackTrace": {
          "callFrames": [
            {
              "functionName": "error",
              "scriptId": "9",
              "url": "https://cdn.jsdelivr.net/npm/@huggingface/transformers@4.2.0",
              "lineNumber": 0,
              "columnNumber": 3812
            },
            {
              "functionName": "ue",
              "scriptId": "9",
              "url": "https://cdn.jsdelivr.net/npm/@huggingface/transformers@4.2.0",
              "lineNumber": 36,
              "columnNumber": 17484
            }
          ]
        }
      },
      "sessionId": "018E530505AA34E33D0970C457A9D475"
    },
    {
      "method": "Runtime.consoleAPICalled",
      "params": {
        "type": "error",
        "args": [
          {
            "type": "string",
            "value": "Inputs given to model:"
          },
          {
            "type": "object",
            "className": "Object",
            "description": "Object",
            "objectId": "5810534595104711865.1.15",
            "preview": {
              "type": "object",
              "description": "Object",
              "overflow": false,
              "properties": [
                {
                  "name": "input_ids",
                  "type": "object",
                  "value": "Object"
                },
                {
                  "name": "attention_mask",
                  "type": "object",
                  "value": "Object"
                }
              ]
            }
          }
        ],
        "executionContextId": 1,
        "timestamp": 1789072645580.093,
        "stackTrace": {
          "callFrames": [
            {
              "functionName": "error",
              "scriptId": "9",
              "url": "https://cdn.jsdelivr.net/npm/@huggingface/transformers@4.2.0",
              "lineNumber": 0,
              "columnNumber": 3812
            },
            {
              "functionName": "ue",
              "scriptId": "9",
              "url": "https://cdn.jsdelivr.net/npm/@huggingface/transformers@4.2.0",
              "lineNumber": 36,
              "columnNumber": 17546
            }
          ]
        }
      },
      "sessionId": "018E530505AA34E33D0970C457A9D475"
    },
    {
      "method": "Runtime.consoleAPICalled",
      "params": {
        "type": "error",
        "args": [
          {
            "type": "string",
            "value": "An error occurred during model execution: \"Error: failed to call OrtRun(). ERROR_CODE: 1, ERROR_MESSAGE: Non-zero status code returned while running GatherBlockQuantized node. Name:'/0/auto_model/embeddings/tok_embeddings/Gather_Q4' Status Message: Failed to create a WebGPU compute pipeline: A valid external Instance reference no longer exists.\"."
          }
        ],
        "executionContextId": 1,
        "timestamp": 1789072645581.136,
        "stackTrace": {
          "callFrames": [
            {
              "functionName": "error",
              "scriptId": "9",
              "url": "https://cdn.jsdelivr.net/npm/@huggingface/transformers@4.2.0",
              "lineNumber": 0,
              "columnNumber": 3812
            },
            {
              "functionName": "ue",
              "scriptId": "9",
              "url": "https://cdn.jsdelivr.net/npm/@huggingface/transformers@4.2.0",
              "lineNumber": 36,
              "columnNumber": 17484
            }
          ]
        }
      },
      "sessionId": "018E530505AA34E33D0970C457A9D475"
    },
    {
      "method": "Runtime.consoleAPICalled",
      "params": {
        "type": "error",
        "args": [
          {
            "type": "string",
            "value": "Inputs given to model:"
          },
          {
            "type": "object",
            "className": "Object",
            "description": "Object",
            "objectId": "5810534595104711865.1.16",
            "preview": {
              "type": "object",
              "description": "Object",
              "overflow": false,
              "properties": [
                {
                  "name": "input_ids",
                  "type": "object",
                  "value": "Object"
                },
                {
                  "name": "attention_mask",
                  "type": "object",
                  "value": "Object"
                }
              ]
            }
          }
        ],
        "executionContextId": 1,
        "timestamp": 1789072645581.44,
        "stackTrace": {
          "callFrames": [
            {
              "functionName": "error",
              "scriptId": "9",
              "url": "https://cdn.jsdelivr.net/npm/@huggingface/transformers@4.2.0",
              "lineNumber": 0,
              "columnNumber": 3812
            },
            {
              "functionName": "ue",
              "scriptId": "9",
              "url": "https://cdn.jsdelivr.net/npm/@huggingface/transformers@4.2.0",
              "lineNumber": 36,
              "columnNumber": 17546
            }
          ]
        }
      },
      "sessionId": "018E530505AA34E33D0970C457A9D475"
    },
    {
      "method": "Runtime.consoleAPICalled",
      "params": {
        "type": "error",
        "args": [
          {
            "type": "string",
            "value": "An error occurred during model execution: \"Error: failed to call OrtRun(). ERROR_CODE: 1, ERROR_MESSAGE: Non-zero status code returned while running GatherBlockQuantized node. Name:'/0/auto_model/embeddings/tok_embeddings/Gather_Q4' Status Message: Failed to create a WebGPU compute pipeline: A valid external Instance reference no longer exists.\"."
          }
        ],
        "executionContextId": 1,
        "timestamp": 1789072645582.404,
        "stackTrace": {
          "callFrames": [
            {
              "functionName": "error",
              "scriptId": "9",
              "url": "https://cdn.jsdelivr.net/npm/@huggingface/transformers@4.2.0",
              "lineNumber": 0,
              "columnNumber": 3812
            },
            {
              "functionName": "ue",
              "scriptId": "9",
              "url": "https://cdn.jsdelivr.net/npm/@huggingface/transformers@4.2.0",
              "lineNumber": 36,
              "columnNumber": 17484
            }
          ]
        }
      },
      "sessionId": "018E530505AA34E33D0970C457A9D475"
    },
    {
      "method": "Runtime.consoleAPICalled",
      "params": {
        "type": "error",
        "args": [
          {
            "type": "string",
            "value": "Inputs given to model:"
          },
          {
            "type": "object",
            "className": "Object",
            "description": "Object",
            "objectId": "5810534595104711865.1.17",
            "preview": {
              "type": "object",
              "description": "Object",
              "overflow": false,
              "properties": [
                {
                  "name": "input_ids",
                  "type": "object",
                  "value": "Object"
                },
                {
                  "name": "attention_mask",
                  "type": "object",
                  "value": "Object"
                }
              ]
            }
          }
        ],
        "executionContextId": 1,
        "timestamp": 1789072645582.658,
        "stackTrace": {
          "callFrames": [
            {
              "functionName": "error",
              "scriptId": "9",
              "url": "https://cdn.jsdelivr.net/npm/@huggingface/transformers@4.2.0",
              "lineNumber": 0,
              "columnNumber": 3812
            },
            {
              "functionName": "ue",
              "scriptId": "9",
              "url": "https://cdn.jsdelivr.net/npm/@huggingface/transformers@4.2.0",
              "lineNumber": 36,
              "columnNumber": 17546
            }
          ]
        }
      },
      "sessionId": "018E530505AA34E33D0970C457A9D475"
    },
    {
      "method": "Runtime.consoleAPICalled",
      "params": {
        "type": "error",
        "args": [
          {
            "type": "string",
            "value": "An error occurred during model execution: \"Error: failed to call OrtRun(). ERROR_CODE: 1, ERROR_MESSAGE: Non-zero status code returned while running GatherBlockQuantized node. Name:'/0/auto_model/embeddings/tok_embeddings/Gather_Q4' Status Message: Failed to create a WebGPU compute pipeline: A valid external Instance reference no longer exists.\"."
          }
        ],
        "executionContextId": 1,
        "timestamp": 1789072645583.578,
        "stackTrace": {
          "callFrames": [
            {
              "functionName": "error",
              "scriptId": "9",
              "url": "https://cdn.jsdelivr.net/npm/@huggingface/transformers@4.2.0",
              "lineNumber": 0,
              "columnNumber": 3812
            },
            {
              "functionName": "ue",
              "scriptId": "9",
              "url": "https://cdn.jsdelivr.net/npm/@huggingface/transformers@4.2.0",
              "lineNumber": 36,
              "columnNumber": 17484
            }
          ]
        }
      },
      "sessionId": "018E530505AA34E33D0970C457A9D475"
    },
    {
      "method": "Runtime.consoleAPICalled",
      "params": {
        "type": "error",
        "args": [
          {
            "type": "string",
            "value": "Inputs given to model:"
          },
          {
            "type": "object",
            "className": "Object",
            "description": "Object",
            "objectId": "5810534595104711865.1.18",
            "preview": {
              "type": "object",
              "description": "Object",
              "overflow": false,
              "properties": [
                {
                  "name": "input_ids",
                  "type": "object",
                  "value": "Object"
                },
                {
                  "name": "attention_mask",
                  "type": "object",
                  "value": "Object"
                }
              ]
            }
          }
        ],
        "executionContextId": 1,
        "timestamp": 1789072645583.847,
        "stackTrace": {
          "callFrames": [
            {
              "functionName": "error",
              "scriptId": "9",
              "url": "https://cdn.jsdelivr.net/npm/@huggingface/transformers@4.2.0",
              "lineNumber": 0,
              "columnNumber": 3812
            },
            {
              "functionName": "ue",
              "scriptId": "9",
              "url": "https://cdn.jsdelivr.net/npm/@huggingface/transformers@4.2.0",
              "lineNumber": 36,
              "columnNumber": 17546
            }
          ]
        }
      },
      "sessionId": "018E530505AA34E33D0970C457A9D475"
    },
    {
      "method": "Runtime.consoleAPICalled",
      "params": {
        "type": "error",
        "args": [
          {
            "type": "string",
            "value": "An error occurred during model execution: \"Error: failed to call OrtRun(). ERROR_CODE: 1, ERROR_MESSAGE: Non-zero status code returned while running GatherBlockQuantized node. Name:'/0/auto_model/embeddings/tok_embeddings/Gather_Q4' Status Message: Failed to create a WebGPU compute pipeline: A valid external Instance reference no longer exists.\"."
          }
        ],
        "executionContextId": 1,
        "timestamp": 1789072645584.897,
        "stackTrace": {
          "callFrames": [
            {
              "functionName": "error",
              "scriptId": "9",
              "url": "https://cdn.jsdelivr.net/npm/@huggingface/transformers@4.2.0",
              "lineNumber": 0,
              "columnNumber": 3812
            },
            {
              "functionName": "ue",
              "scriptId": "9",
              "url": "https://cdn.jsdelivr.net/npm/@huggingface/transformers@4.2.0",
              "lineNumber": 36,
              "columnNumber": 17484
            }
          ]
        }
      },
      "sessionId": "018E530505AA34E33D0970C457A9D475"
    },
    {
      "method": "Runtime.consoleAPICalled",
      "params": {
        "type": "error",
        "args": [
          {
            "type": "string",
            "value": "Inputs given to model:"
          },
          {
            "type": "object",
            "className": "Object",
            "description": "Object",
            "objectId": "5810534595104711865.1.19",
            "preview": {
              "type": "object",
              "description": "Object",
              "overflow": false,
              "properties": [
                {
                  "name": "input_ids",
                  "type": "object",
                  "value": "Object"
                },
                {
                  "name": "attention_mask",
                  "type": "object",
                  "value": "Object"
                }
              ]
            }
          }
        ],
        "executionContextId": 1,
        "timestamp": 1789072645585.184,
        "stackTrace": {
          "callFrames": [
            {
              "functionName": "error",
              "scriptId": "9",
              "url": "https://cdn.jsdelivr.net/npm/@huggingface/transformers@4.2.0",
              "lineNumber": 0,
              "columnNumber": 3812
            },
            {
              "functionName": "ue",
              "scriptId": "9",
              "url": "https://cdn.jsdelivr.net/npm/@huggingface/transformers@4.2.0",
              "lineNumber": 36,
              "columnNumber": 17546
            }
          ]
        }
      },
      "sessionId": "018E530505AA34E33D0970C457A9D475"
    },
    {
      "method": "Runtime.consoleAPICalled",
      "params": {
        "type": "error",
        "args": [
          {
            "type": "string",
            "value": "An error occurred during model execution: \"Error: failed to call OrtRun(). ERROR_CODE: 1, ERROR_MESSAGE: Non-zero status code returned while running GatherBlockQuantized node. Name:'/0/auto_model/embeddings/tok_embeddings/Gather_Q4' Status Message: Failed to create a WebGPU compute pipeline: A valid external Instance reference no longer exists.\"."
          }
        ],
        "executionContextId": 1,
        "timestamp": 1789072645586.143,
        "stackTrace": {
          "callFrames": [
            {
              "functionName": "error",
              "scriptId": "9",
              "url": "https://cdn.jsdelivr.net/npm/@huggingface/transformers@4.2.0",
              "lineNumber": 0,
              "columnNumber": 3812
            },
            {
              "functionName": "ue",
              "scriptId": "9",
              "url": "https://cdn.jsdelivr.net/npm/@huggingface/transformers@4.2.0",
              "lineNumber": 36,
              "columnNumber": 17484
            }
          ]
        }
      },
      "sessionId": "018E530505AA34E33D0970C457A9D475"
    },
    {
      "method": "Runtime.consoleAPICalled",
      "params": {
        "type": "error",
        "args": [
          {
            "type": "string",
            "value": "Inputs given to model:"
          },
          {
            "type": "object",
            "className": "Object",
            "description": "Object",
            "objectId": "5810534595104711865.1.20",
            "preview": {
              "type": "object",
              "description": "Object",
              "overflow": false,
              "properties": [
                {
                  "name": "input_ids",
                  "type": "object",
                  "value": "Object"
                },
                {
                  "name": "attention_mask",
                  "type": "object",
                  "value": "Object"
                }
              ]
            }
          }
        ],
        "executionContextId": 1,
        "timestamp": 1789072645586.388,
        "stackTrace": {
          "callFrames": [
            {
              "functionName": "error",
              "scriptId": "9",
              "url": "https://cdn.jsdelivr.net/npm/@huggingface/transformers@4.2.0",
              "lineNumber": 0,
              "columnNumber": 3812
            },
            {
              "functionName": "ue",
              "scriptId": "9",
              "url": "https://cdn.jsdelivr.net/npm/@huggingface/transformers@4.2.0",
              "lineNumber": 36,
              "columnNumber": 17546
            }
          ]
        }
      },
      "sessionId": "018E530505AA34E33D0970C457A9D475"
    },
    {
      "method": "Runtime.consoleAPICalled",
      "params": {
        "type": "error",
        "args": [
          {
            "type": "string",
            "value": "An error occurred during model execution: \"Error: failed to call OrtRun(). ERROR_CODE: 1, ERROR_MESSAGE: Non-zero status code returned while running GatherBlockQuantized node. Name:'/0/auto_model/embeddings/tok_embeddings/Gather_Q4' Status Message: Failed to create a WebGPU compute pipeline: A valid external Instance reference no longer exists.\"."
          }
        ],
        "executionContextId": 1,
        "timestamp": 1789072645587.234,
        "stackTrace": {
          "callFrames": [
            {
              "functionName": "error",
              "scriptId": "9",
              "url": "https://cdn.jsdelivr.net/npm/@huggingface/transformers@4.2.0",
              "lineNumber": 0,
              "columnNumber": 3812
            },
            {
              "functionName": "ue",
              "scriptId": "9",
              "url": "https://cdn.jsdelivr.net/npm/@huggingface/transformers@4.2.0",
              "lineNumber": 36,
              "columnNumber": 17484
            }
          ]
        }
      },
      "sessionId": "018E530505AA34E33D0970C457A9D475"
    },
    {
      "method": "Runtime.consoleAPICalled",
      "params": {
        "type": "error",
        "args": [
          {
            "type": "string",
            "value": "Inputs given to model:"
          },
          {
            "type": "object",
            "className": "Object",
            "description": "Object",
            "objectId": "5810534595104711865.1.21",
            "preview": {
              "type": "object",
              "description": "Object",
              "overflow": false,
              "properties": [
                {
                  "name": "input_ids",
                  "type": "object",
                  "value": "Object"
                },
                {
                  "name": "attention_mask",
                  "type": "object",
                  "value": "Object"
                }
              ]
            }
          }
        ],
        "executionContextId": 1,
        "timestamp": 1789072645587.443,
        "stackTrace": {
          "callFrames": [
            {
              "functionName": "error",
              "scriptId": "9",
              "url": "https://cdn.jsdelivr.net/npm/@huggingface/transformers@4.2.0",
              "lineNumber": 0,
              "columnNumber": 3812
            },
            {
              "functionName": "ue",
              "scriptId": "9",
              "url": "https://cdn.jsdelivr.net/npm/@huggingface/transformers@4.2.0",
              "lineNumber": 36,
              "columnNumber": 17546
            }
          ]
        }
      },
      "sessionId": "018E530505AA34E33D0970C457A9D475"
    },
    {
      "method": "Runtime.consoleAPICalled",
      "params": {
        "type": "error",
        "args": [
          {
            "type": "string",
            "value": "An error occurred during model execution: \"Error: failed to call OrtRun(). ERROR_CODE: 1, ERROR_MESSAGE: Non-zero status code returned while running GatherBlockQuantized node. Name:'/0/auto_model/embeddings/tok_embeddings/Gather_Q4' Status Message: Failed to create a WebGPU compute pipeline: A valid external Instance reference no longer exists.\"."
          }
        ],
        "executionContextId": 1,
        "timestamp": 1789072645588.17,
        "stackTrace": {
          "callFrames": [
            {
              "functionName": "error",
              "scriptId": "9",
              "url": "https://cdn.jsdelivr.net/npm/@huggingface/transformers@4.2.0",
              "lineNumber": 0,
              "columnNumber": 3812
            },
            {
              "functionName": "ue",
              "scriptId": "9",
              "url": "https://cdn.jsdelivr.net/npm/@huggingface/transformers@4.2.0",
              "lineNumber": 36,
              "columnNumber": 17484
            }
          ]
        }
      },
      "sessionId": "018E530505AA34E33D0970C457A9D475"
    },
    {
      "method": "Runtime.consoleAPICalled",
      "params": {
        "type": "error",
        "args": [
          {
            "type": "string",
            "value": "Inputs given to model:"
          },
          {
            "type": "object",
            "className": "Object",
            "description": "Object",
            "objectId": "5810534595104711865.1.22",
            "preview": {
              "type": "object",
              "description": "Object",
              "overflow": false,
              "properties": [
                {
                  "name": "input_ids",
                  "type": "object",
                  "value": "Object"
                },
                {
                  "name": "attention_mask",
                  "type": "object",
                  "value": "Object"
                }
              ]
            }
          }
        ],
        "executionContextId": 1,
        "timestamp": 1789072645588.369,
        "stackTrace": {
          "callFrames": [
            {
              "functionName": "error",
              "scriptId": "9",
              "url": "https://cdn.jsdelivr.net/npm/@huggingface/transformers@4.2.0",
              "lineNumber": 0,
              "columnNumber": 3812
            },
            {
              "functionName": "ue",
              "scriptId": "9",
              "url": "https://cdn.jsdelivr.net/npm/@huggingface/transformers@4.2.0",
              "lineNumber": 36,
              "columnNumber": 17546
            }
          ]
        }
      },
      "sessionId": "018E530505AA34E33D0970C457A9D475"
    },
    {
      "method": "Runtime.consoleAPICalled",
      "params": {
        "type": "error",
        "args": [
          {
            "type": "string",
            "value": "An error occurred during model execution: \"Error: failed to call OrtRun(). ERROR_CODE: 1, ERROR_MESSAGE: Non-zero status code returned while running GatherBlockQuantized node. Name:'/0/auto_model/embeddings/tok_embeddings/Gather_Q4' Status Message: Failed to create a WebGPU compute pipeline: A valid external Instance reference no longer exists.\"."
          }
        ],
        "executionContextId": 1,
        "timestamp": 1789072645589.256,
        "stackTrace": {
          "callFrames": [
            {
              "functionName": "error",
              "scriptId": "9",
              "url": "https://cdn.jsdelivr.net/npm/@huggingface/transformers@4.2.0",
              "lineNumber": 0,
              "columnNumber": 3812
            },
            {
              "functionName": "ue",
              "scriptId": "9",
              "url": "https://cdn.jsdelivr.net/npm/@huggingface/transformers@4.2.0",
              "lineNumber": 36,
              "columnNumber": 17484
            }
          ]
        }
      },
      "sessionId": "018E530505AA34E33D0970C457A9D475"
    },
    {
      "method": "Runtime.consoleAPICalled",
      "params": {
        "type": "error",
        "args": [
          {
            "type": "string",
            "value": "Inputs given to model:"
          },
          {
            "type": "object",
            "className": "Object",
            "description": "Object",
            "objectId": "5810534595104711865.1.23",
            "preview": {
              "type": "object",
              "description": "Object",
              "overflow": false,
              "properties": [
                {
                  "name": "input_ids",
                  "type": "object",
                  "value": "Object"
                },
                {
                  "name": "attention_mask",
                  "type": "object",
                  "value": "Object"
                }
              ]
            }
          }
        ],
        "executionContextId": 1,
        "timestamp": 1789072645589.483,
        "stackTrace": {
          "callFrames": [
            {
              "functionName": "error",
              "scriptId": "9",
              "url": "https://cdn.jsdelivr.net/npm/@huggingface/transformers@4.2.0",
              "lineNumber": 0,
              "columnNumber": 3812
            },
            {
              "functionName": "ue",
              "scriptId": "9",
              "url": "https://cdn.jsdelivr.net/npm/@huggingface/transformers@4.2.0",
              "lineNumber": 36,
              "columnNumber": 17546
            }
          ]
        }
      },
      "sessionId": "018E530505AA34E33D0970C457A9D475"
    },
    {
      "method": "Runtime.consoleAPICalled",
      "params": {
        "type": "error",
        "args": [
          {
            "type": "string",
            "value": "An error occurred during model execution: \"Error: failed to call OrtRun(). ERROR_CODE: 1, ERROR_MESSAGE: Non-zero status code returned while running GatherBlockQuantized node. Name:'/0/auto_model/embeddings/tok_embeddings/Gather_Q4' Status Message: Failed to create a WebGPU compute pipeline: A valid external Instance reference no longer exists.\"."
          }
        ],
        "executionContextId": 1,
        "timestamp": 1789072645590.398,
        "stackTrace": {
          "callFrames": [
            {
              "functionName": "error",
              "scriptId": "9",
              "url": "https://cdn.jsdelivr.net/npm/@huggingface/transformers@4.2.0",
              "lineNumber": 0,
              "columnNumber": 3812
            },
            {
              "functionName": "ue",
              "scriptId": "9",
              "url": "https://cdn.jsdelivr.net/npm/@huggingface/transformers@4.2.0",
              "lineNumber": 36,
              "columnNumber": 17484
            }
          ]
        }
      },
      "sessionId": "018E530505AA34E33D0970C457A9D475"
    },
    {
      "method": "Runtime.consoleAPICalled",
      "params": {
        "type": "error",
        "args": [
          {
            "type": "string",
            "value": "Inputs given to model:"
          },
          {
            "type": "object",
            "className": "Object",
            "description": "Object",
            "objectId": "5810534595104711865.1.24",
            "preview": {
              "type": "object",
              "description": "Object",
              "overflow": false,
              "properties": [
                {
                  "name": "input_ids",
                  "type": "object",
                  "value": "Object"
                },
                {
                  "name": "attention_mask",
                  "type": "object",
                  "value": "Object"
                }
              ]
            }
          }
        ],
        "executionContextId": 1,
        "timestamp": 1789072645590.615,
        "stackTrace": {
          "callFrames": [
            {
              "functionName": "error",
              "scriptId": "9",
              "url": "https://cdn.jsdelivr.net/npm/@huggingface/transformers@4.2.0",
              "lineNumber": 0,
              "columnNumber": 3812
            },
            {
              "functionName": "ue",
              "scriptId": "9",
              "url": "https://cdn.jsdelivr.net/npm/@huggingface/transformers@4.2.0",
              "lineNumber": 36,
              "columnNumber": 17546
            }
          ]
        }
      },
      "sessionId": "018E530505AA34E33D0970C457A9D475"
    },
    {
      "method": "Runtime.consoleAPICalled",
      "params": {
        "type": "error",
        "args": [
          {
            "type": "string",
            "value": "An error occurred during model execution: \"Error: failed to call OrtRun(). ERROR_CODE: 1, ERROR_MESSAGE: Non-zero status code returned while running GatherBlockQuantized node. Name:'/0/auto_model/embeddings/tok_embeddings/Gather_Q4' Status Message: Failed to create a WebGPU compute pipeline: A valid external Instance reference no longer exists.\"."
          }
        ],
        "executionContextId": 1,
        "timestamp": 1789072645591.485,
        "stackTrace": {
          "callFrames": [
            {
              "functionName": "error",
              "scriptId": "9",
              "url": "https://cdn.jsdelivr.net/npm/@huggingface/transformers@4.2.0",
              "lineNumber": 0,
              "columnNumber": 3812
            },
            {
              "functionName": "ue",
              "scriptId": "9",
              "url": "https://cdn.jsdelivr.net/npm/@huggingface/transformers@4.2.0",
              "lineNumber": 36,
              "columnNumber": 17484
            }
          ]
        }
      },
      "sessionId": "018E530505AA34E33D0970C457A9D475"
    },
    {
      "method": "Runtime.consoleAPICalled",
      "params": {
        "type": "error",
        "args": [
          {
            "type": "string",
            "value": "Inputs given to model:"
          },
          {
            "type": "object",
            "className": "Object",
            "description": "Object",
            "objectId": "5810534595104711865.1.25",
            "preview": {
              "type": "object",
              "description": "Object",
              "overflow": false,
              "properties": [
                {
                  "name": "input_ids",
                  "type": "object",
                  "value": "Object"
                },
                {
                  "name": "attention_mask",
                  "type": "object",
                  "value": "Object"
                }
              ]
            }
          }
        ],
        "executionContextId": 1,
        "timestamp": 1789072645591.677,
        "stackTrace": {
          "callFrames": [
            {
              "functionName": "error",
              "scriptId": "9",
              "url": "https://cdn.jsdelivr.net/npm/@huggingface/transformers@4.2.0",
              "lineNumber": 0,
              "columnNumber": 3812
            },
            {
              "functionName": "ue",
              "scriptId": "9",
              "url": "https://cdn.jsdelivr.net/npm/@huggingface/transformers@4.2.0",
              "lineNumber": 36,
              "columnNumber": 17546
            }
          ]
        }
      },
      "sessionId": "018E530505AA34E33D0970C457A9D475"
    },
    {
      "method": "Runtime.consoleAPICalled",
      "params": {
        "type": "error",
        "args": [
          {
            "type": "string",
            "value": "An error occurred during model execution: \"Error: failed to call OrtRun(). ERROR_CODE: 1, ERROR_MESSAGE: Non-zero status code returned while running GatherBlockQuantized node. Name:'/0/auto_model/embeddings/tok_embeddings/Gather_Q4' Status Message: Failed to create a WebGPU compute pipeline: A valid external Instance reference no longer exists.\"."
          }
        ],
        "executionContextId": 1,
        "timestamp": 1789072645592.595,
        "stackTrace": {
          "callFrames": [
            {
              "functionName": "error",
              "scriptId": "9",
              "url": "https://cdn.jsdelivr.net/npm/@huggingface/transformers@4.2.0",
              "lineNumber": 0,
              "columnNumber": 3812
            },
            {
              "functionName": "ue",
              "scriptId": "9",
              "url": "https://cdn.jsdelivr.net/npm/@huggingface/transformers@4.2.0",
              "lineNumber": 36,
              "columnNumber": 17484
            }
          ]
        }
      },
      "sessionId": "018E530505AA34E33D0970C457A9D475"
    },
    {
      "method": "Runtime.consoleAPICalled",
      "params": {
        "type": "error",
        "args": [
          {
            "type": "string",
            "value": "Inputs given to model:"
          },
          {
            "type": "object",
            "className": "Object",
            "description": "Object",
            "objectId": "5810534595104711865.1.26",
            "preview": {
              "type": "object",
              "description": "Object",
              "overflow": false,
              "properties": [
                {
                  "name": "input_ids",
                  "type": "object",
                  "value": "Object"
                },
                {
                  "name": "attention_mask",
                  "type": "object",
                  "value": "Object"
                }
              ]
            }
          }
        ],
        "executionContextId": 1,
        "timestamp": 1789072645592.851,
        "stackTrace": {
          "callFrames": [
            {
              "functionName": "error",
              "scriptId": "9",
              "url": "https://cdn.jsdelivr.net/npm/@huggingface/transformers@4.2.0",
              "lineNumber": 0,
              "columnNumber": 3812
            },
            {
              "functionName": "ue",
              "scriptId": "9",
              "url": "https://cdn.jsdelivr.net/npm/@huggingface/transformers@4.2.0",
              "lineNumber": 36,
              "columnNumber": 17546
            }
          ]
        }
      },
      "sessionId": "018E530505AA34E33D0970C457A9D475"
    },
    {
      "method": "Runtime.consoleAPICalled",
      "params": {
        "type": "error",
        "args": [
          {
            "type": "string",
            "value": "An error occurred during model execution: \"Error: failed to call OrtRun(). ERROR_CODE: 1, ERROR_MESSAGE: Non-zero status code returned while running GatherBlockQuantized node. Name:'/0/auto_model/embeddings/tok_embeddings/Gather_Q4' Status Message: Failed to create a WebGPU compute pipeline: A valid external Instance reference no longer exists.\"."
          }
        ],
        "executionContextId": 1,
        "timestamp": 1789072645593.762,
        "stackTrace": {
          "callFrames": [
            {
              "functionName": "error",
              "scriptId": "9",
              "url": "https://cdn.jsdelivr.net/npm/@huggingface/transformers@4.2.0",
              "lineNumber": 0,
              "columnNumber": 3812
            },
            {
              "functionName": "ue",
              "scriptId": "9",
              "url": "https://cdn.jsdelivr.net/npm/@huggingface/transformers@4.2.0",
              "lineNumber": 36,
              "columnNumber": 17484
            }
          ]
        }
      },
      "sessionId": "018E530505AA34E33D0970C457A9D475"
    },
    {
      "method": "Runtime.consoleAPICalled",
      "params": {
        "type": "error",
        "args": [
          {
            "type": "string",
            "value": "Inputs given to model:"
          },
          {
            "type": "object",
            "className": "Object",
            "description": "Object",
            "objectId": "5810534595104711865.1.27",
            "preview": {
              "type": "object",
              "description": "Object",
              "overflow": false,
              "properties": [
                {
                  "name": "input_ids",
                  "type": "object",
                  "value": "Object"
                },
                {
                  "name": "attention_mask",
                  "type": "object",
                  "value": "Object"
                }
              ]
            }
          }
        ],
        "executionContextId": 1,
        "timestamp": 1789072645593.995,
        "stackTrace": {
          "callFrames": [
            {
              "functionName": "error",
              "scriptId": "9",
              "url": "https://cdn.jsdelivr.net/npm/@huggingface/transformers@4.2.0",
              "lineNumber": 0,
              "columnNumber": 3812
            },
            {
              "functionName": "ue",
              "scriptId": "9",
              "url": "https://cdn.jsdelivr.net/npm/@huggingface/transformers@4.2.0",
              "lineNumber": 36,
              "columnNumber": 17546
            }
          ]
        }
      },
      "sessionId": "018E530505AA34E33D0970C457A9D475"
    },
    {
      "method": "Runtime.consoleAPICalled",
      "params": {
        "type": "error",
        "args": [
          {
            "type": "string",
            "value": "An error occurred during model execution: \"Error: failed to call OrtRun(). ERROR_CODE: 1, ERROR_MESSAGE: Non-zero status code returned while running GatherBlockQuantized node. Name:'/0/auto_model/embeddings/tok_embeddings/Gather_Q4' Status Message: Failed to create a WebGPU compute pipeline: A valid external Instance reference no longer exists.\"."
          }
        ],
        "executionContextId": 1,
        "timestamp": 1789072645594.879,
        "stackTrace": {
          "callFrames": [
            {
              "functionName": "error",
              "scriptId": "9",
              "url": "https://cdn.jsdelivr.net/npm/@huggingface/transformers@4.2.0",
              "lineNumber": 0,
              "columnNumber": 3812
            },
            {
              "functionName": "ue",
              "scriptId": "9",
              "url": "https://cdn.jsdelivr.net/npm/@huggingface/transformers@4.2.0",
              "lineNumber": 36,
              "columnNumber": 17484
            }
          ]
        }
      },
      "sessionId": "018E530505AA34E33D0970C457A9D475"
    },
    {
      "method": "Runtime.consoleAPICalled",
      "params": {
        "type": "error",
        "args": [
          {
            "type": "string",
            "value": "Inputs given to model:"
          },
          {
            "type": "object",
            "className": "Object",
            "description": "Object",
            "objectId": "5810534595104711865.1.28",
            "preview": {
              "type": "object",
              "description": "Object",
              "overflow": false,
              "properties": [
                {
                  "name": "input_ids",
                  "type": "object",
                  "value": "Object"
                },
                {
                  "name": "attention_mask",
                  "type": "object",
                  "value": "Object"
                }
              ]
            }
          }
        ],
        "executionContextId": 1,
        "timestamp": 1789072645595.11,
        "stackTrace": {
          "callFrames": [
            {
              "functionName": "error",
              "scriptId": "9",
              "url": "https://cdn.jsdelivr.net/npm/@huggingface/transformers@4.2.0",
              "lineNumber": 0,
              "columnNumber": 3812
            },
            {
              "functionName": "ue",
              "scriptId": "9",
              "url": "https://cdn.jsdelivr.net/npm/@huggingface/transformers@4.2.0",
              "lineNumber": 36,
              "columnNumber": 17546
            }
          ]
        }
      },
      "sessionId": "018E530505AA34E33D0970C457A9D475"
    },
    {
      "method": "Runtime.consoleAPICalled",
      "params": {
        "type": "error",
        "args": [
          {
            "type": "string",
            "value": "An error occurred during model execution: \"Error: failed to call OrtRun(). ERROR_CODE: 1, ERROR_MESSAGE: Non-zero status code returned while running GatherBlockQuantized node. Name:'/0/auto_model/embeddings/tok_embeddings/Gather_Q4' Status Message: Failed to create a WebGPU compute pipeline: A valid external Instance reference no longer exists.\"."
          }
        ],
        "executionContextId": 1,
        "timestamp": 1789072645596.118,
        "stackTrace": {
          "callFrames": [
            {
              "functionName": "error",
              "scriptId": "9",
              "url": "https://cdn.jsdelivr.net/npm/@huggingface/transformers@4.2.0",
              "lineNumber": 0,
              "columnNumber": 3812
            },
            {
              "functionName": "ue",
              "scriptId": "9",
              "url": "https://cdn.jsdelivr.net/npm/@huggingface/transformers@4.2.0",
              "lineNumber": 36,
              "columnNumber": 17484
            }
          ]
        }
      },
      "sessionId": "018E530505AA34E33D0970C457A9D475"
    },
    {
      "method": "Runtime.consoleAPICalled",
      "params": {
        "type": "error",
        "args": [
          {
            "type": "string",
            "value": "Inputs given to model:"
          },
          {
            "type": "object",
            "className": "Object",
            "description": "Object",
            "objectId": "5810534595104711865.1.29",
            "preview": {
              "type": "object",
              "description": "Object",
              "overflow": false,
              "properties": [
                {
                  "name": "input_ids",
                  "type": "object",
                  "value": "Object"
                },
                {
                  "name": "attention_mask",
                  "type": "object",
                  "value": "Object"
                }
              ]
            }
          }
        ],
        "executionContextId": 1,
        "timestamp": 1789072645596.375,
        "stackTrace": {
          "callFrames": [
            {
              "functionName": "error",
              "scriptId": "9",
              "url": "https://cdn.jsdelivr.net/npm/@huggingface/transformers@4.2.0",
              "lineNumber": 0,
              "columnNumber": 3812
            },
            {
              "functionName": "ue",
              "scriptId": "9",
              "url": "https://cdn.jsdelivr.net/npm/@huggingface/transformers@4.2.0",
              "lineNumber": 36,
              "columnNumber": 17546
            }
          ]
        }
      },
      "sessionId": "018E530505AA34E33D0970C457A9D475"
    },
    {
      "method": "Runtime.consoleAPICalled",
      "params": {
        "type": "error",
        "args": [
          {
            "type": "string",
            "value": "An error occurred during model execution: \"Error: failed to call OrtRun(). ERROR_CODE: 1, ERROR_MESSAGE: Non-zero status code returned while running GatherBlockQuantized node. Name:'/0/auto_model/embeddings/tok_embeddings/Gather_Q4' Status Message: Failed to create a WebGPU compute pipeline: A valid external Instance reference no longer exists.\"."
          }
        ],
        "executionContextId": 1,
        "timestamp": 1789072645597.453,
        "stackTrace": {
          "callFrames": [
            {
              "functionName": "error",
              "scriptId": "9",
              "url": "https://cdn.jsdelivr.net/npm/@huggingface/transformers@4.2.0",
              "lineNumber": 0,
              "columnNumber": 3812
            },
            {
              "functionName": "ue",
              "scriptId": "9",
              "url": "https://cdn.jsdelivr.net/npm/@huggingface/transformers@4.2.0",
              "lineNumber": 36,
              "columnNumber": 17484
            }
          ]
        }
      },
      "sessionId": "018E530505AA34E33D0970C457A9D475"
    },
    {
      "method": "Runtime.consoleAPICalled",
      "params": {
        "type": "error",
        "args": [
          {
            "type": "string",
            "value": "Inputs given to model:"
          },
          {
            "type": "object",
            "className": "Object",
            "description": "Object",
            "objectId": "5810534595104711865.1.30",
            "preview": {
              "type": "object",
              "description": "Object",
              "overflow": false,
              "properties": [
                {
                  "name": "input_ids",
                  "type": "object",
                  "value": "Object"
                },
                {
                  "name": "attention_mask",
                  "type": "object",
                  "value": "Object"
                }
              ]
            }
          }
        ],
        "executionContextId": 1,
        "timestamp": 1789072645597.702,
        "stackTrace": {
          "callFrames": [
            {
              "functionName": "error",
              "scriptId": "9",
              "url": "https://cdn.jsdelivr.net/npm/@huggingface/transformers@4.2.0",
              "lineNumber": 0,
              "columnNumber": 3812
            },
            {
              "functionName": "ue",
              "scriptId": "9",
              "url": "https://cdn.jsdelivr.net/npm/@huggingface/transformers@4.2.0",
              "lineNumber": 36,
              "columnNumber": 17546
            }
          ]
        }
      },
      "sessionId": "018E530505AA34E33D0970C457A9D475"
    },
    {
      "method": "Runtime.consoleAPICalled",
      "params": {
        "type": "error",
        "args": [
          {
            "type": "string",
            "value": "An error occurred during model execution: \"Error: failed to call OrtRun(). ERROR_CODE: 1, ERROR_MESSAGE: Non-zero status code returned while running GatherBlockQuantized node. Name:'/0/auto_model/embeddings/tok_embeddings/Gather_Q4' Status Message: Failed to create a WebGPU compute pipeline: A valid external Instance reference no longer exists.\"."
          }
        ],
        "executionContextId": 1,
        "timestamp": 1789072645599.05,
        "stackTrace": {
          "callFrames": [
            {
              "functionName": "error",
              "scriptId": "9",
              "url": "https://cdn.jsdelivr.net/npm/@huggingface/transformers@4.2.0",
              "lineNumber": 0,
              "columnNumber": 3812
            },
            {
              "functionName": "ue",
              "scriptId": "9",
              "url": "https://cdn.jsdelivr.net/npm/@huggingface/transformers@4.2.0",
              "lineNumber": 36,
              "columnNumber": 17484
            }
          ]
        }
      },
      "sessionId": "018E530505AA34E33D0970C457A9D475"
    },
    {
      "method": "Runtime.consoleAPICalled",
      "params": {
        "type": "error",
        "args": [
          {
            "type": "string",
            "value": "Inputs given to model:"
          },
          {
            "type": "object",
            "className": "Object",
            "description": "Object",
            "objectId": "5810534595104711865.1.31",
            "preview": {
              "type": "object",
              "description": "Object",
              "overflow": false,
              "properties": [
                {
                  "name": "input_ids",
                  "type": "object",
                  "value": "Object"
                },
                {
                  "name": "attention_mask",
                  "type": "object",
                  "value": "Object"
                }
              ]
            }
          }
        ],
        "executionContextId": 1,
        "timestamp": 1789072645599.423,
        "stackTrace": {
          "callFrames": [
            {
              "functionName": "error",
              "scriptId": "9",
              "url": "https://cdn.jsdelivr.net/npm/@huggingface/transformers@4.2.0",
              "lineNumber": 0,
              "columnNumber": 3812
            },
            {
              "functionName": "ue",
              "scriptId": "9",
              "url": "https://cdn.jsdelivr.net/npm/@huggingface/transformers@4.2.0",
              "lineNumber": 36,
              "columnNumber": 17546
            }
          ]
        }
      },
      "sessionId": "018E530505AA34E33D0970C457A9D475"
    },
    {
      "method": "Runtime.consoleAPICalled",
      "params": {
        "type": "error",
        "args": [
          {
            "type": "string",
            "value": "An error occurred during model execution: \"Error: failed to call OrtRun(). ERROR_CODE: 1, ERROR_MESSAGE: Non-zero status code returned while running GatherBlockQuantized node. Name:'/0/auto_model/embeddings/tok_embeddings/Gather_Q4' Status Message: Failed to create a WebGPU compute pipeline: A valid external Instance reference no longer exists.\"."
          }
        ],
        "executionContextId": 1,
        "timestamp": 1789072645600.645,
        "stackTrace": {
          "callFrames": [
            {
              "functionName": "error",
              "scriptId": "9",
              "url": "https://cdn.jsdelivr.net/npm/@huggingface/transformers@4.2.0",
              "lineNumber": 0,
              "columnNumber": 3812
            },
            {
              "functionName": "ue",
              "scriptId": "9",
              "url": "https://cdn.jsdelivr.net/npm/@huggingface/transformers@4.2.0",
              "lineNumber": 36,
              "columnNumber": 17484
            }
          ]
        }
      },
      "sessionId": "018E530505AA34E33D0970C457A9D475"
    },
    {
      "method": "Runtime.consoleAPICalled",
      "params": {
        "type": "error",
        "args": [
          {
            "type": "string",
            "value": "Inputs given to model:"
          },
          {
            "type": "object",
            "className": "Object",
            "description": "Object",
            "objectId": "5810534595104711865.1.32",
            "preview": {
              "type": "object",
              "description": "Object",
              "overflow": false,
              "properties": [
                {
                  "name": "input_ids",
                  "type": "object",
                  "value": "Object"
                },
                {
                  "name": "attention_mask",
                  "type": "object",
                  "value": "Object"
                }
              ]
            }
          }
        ],
        "executionContextId": 1,
        "timestamp": 1789072645600.965,
        "stackTrace": {
          "callFrames": [
            {
              "functionName": "error",
              "scriptId": "9",
              "url": "https://cdn.jsdelivr.net/npm/@huggingface/transformers@4.2.0",
              "lineNumber": 0,
              "columnNumber": 3812
            },
            {
              "functionName": "ue",
              "scriptId": "9",
              "url": "https://cdn.jsdelivr.net/npm/@huggingface/transformers@4.2.0",
              "lineNumber": 36,
              "columnNumber": 17546
            }
          ]
        }
      },
      "sessionId": "018E530505AA34E33D0970C457A9D475"
    },
    {
      "method": "Runtime.consoleAPICalled",
      "params": {
        "type": "error",
        "args": [
          {
            "type": "string",
            "value": "An error occurred during model execution: \"Error: failed to call OrtRun(). ERROR_CODE: 1, ERROR_MESSAGE: Non-zero status code returned while running GatherBlockQuantized node. Name:'/0/auto_model/embeddings/tok_embeddings/Gather_Q4' Status Message: Failed to create a WebGPU compute pipeline: A valid external Instance reference no longer exists.\"."
          }
        ],
        "executionContextId": 1,
        "timestamp": 1789072645602.085,
        "stackTrace": {
          "callFrames": [
            {
              "functionName": "error",
              "scriptId": "9",
              "url": "https://cdn.jsdelivr.net/npm/@huggingface/transformers@4.2.0",
              "lineNumber": 0,
              "columnNumber": 3812
            },
            {
              "functionName": "ue",
              "scriptId": "9",
              "url": "https://cdn.jsdelivr.net/npm/@huggingface/transformers@4.2.0",
              "lineNumber": 36,
              "columnNumber": 17484
            }
          ]
        }
      },
      "sessionId": "018E530505AA34E33D0970C457A9D475"
    },
    {
      "method": "Runtime.consoleAPICalled",
      "params": {
        "type": "error",
        "args": [
          {
            "type": "string",
            "value": "Inputs given to model:"
          },
          {
            "type": "object",
            "className": "Object",
            "description": "Object",
            "objectId": "5810534595104711865.1.33",
            "preview": {
              "type": "object",
              "description": "Object",
              "overflow": false,
              "properties": [
                {
                  "name": "input_ids",
                  "type": "object",
                  "value": "Object"
                },
                {
                  "name": "attention_mask",
                  "type": "object",
                  "value": "Object"
                }
              ]
            }
          }
        ],
        "executionContextId": 1,
        "timestamp": 1789072645602.307,
        "stackTrace": {
          "callFrames": [
            {
              "functionName": "error",
              "scriptId": "9",
              "url": "https://cdn.jsdelivr.net/npm/@huggingface/transformers@4.2.0",
              "lineNumber": 0,
              "columnNumber": 3812
            },
            {
              "functionName": "ue",
              "scriptId": "9",
              "url": "https://cdn.jsdelivr.net/npm/@huggingface/transformers@4.2.0",
              "lineNumber": 36,
              "columnNumber": 17546
            }
          ]
        }
      },
      "sessionId": "018E530505AA34E33D0970C457A9D475"
    },
    {
      "method": "Runtime.consoleAPICalled",
      "params": {
        "type": "error",
        "args": [
          {
            "type": "string",
            "value": "An error occurred during model execution: \"Error: failed to call OrtRun(). ERROR_CODE: 1, ERROR_MESSAGE: Non-zero status code returned while running GatherBlockQuantized node. Name:'/0/auto_model/embeddings/tok_embeddings/Gather_Q4' Status Message: Failed to create a WebGPU compute pipeline: A valid external Instance reference no longer exists.\"."
          }
        ],
        "executionContextId": 1,
        "timestamp": 1789072645603.379,
        "stackTrace": {
          "callFrames": [
            {
              "functionName": "error",
              "scriptId": "9",
              "url": "https://cdn.jsdelivr.net/npm/@huggingface/transformers@4.2.0",
              "lineNumber": 0,
              "columnNumber": 3812
            },
            {
              "functionName": "ue",
              "scriptId": "9",
              "url": "https://cdn.jsdelivr.net/npm/@huggingface/transformers@4.2.0",
              "lineNumber": 36,
              "columnNumber": 17484
            }
          ]
        }
      },
      "sessionId": "018E530505AA34E33D0970C457A9D475"
    },
    {
      "method": "Runtime.consoleAPICalled",
      "params": {
        "type": "error",
        "args": [
          {
            "type": "string",
            "value": "Inputs given to model:"
          },
          {
            "type": "object",
            "className": "Object",
            "description": "Object",
            "objectId": "5810534595104711865.1.34",
            "preview": {
              "type": "object",
              "description": "Object",
              "overflow": false,
              "properties": [
                {
                  "name": "input_ids",
                  "type": "object",
                  "value": "Object"
                },
                {
                  "name": "attention_mask",
                  "type": "object",
                  "value": "Object"
                }
              ]
            }
          }
        ],
        "executionContextId": 1,
        "timestamp": 1789072645603.597,
        "stackTrace": {
          "callFrames": [
            {
              "functionName": "error",
              "scriptId": "9",
              "url": "https://cdn.jsdelivr.net/npm/@huggingface/transformers@4.2.0",
              "lineNumber": 0,
              "columnNumber": 3812
            },
            {
              "functionName": "ue",
              "scriptId": "9",
              "url": "https://cdn.jsdelivr.net/npm/@huggingface/transformers@4.2.0",
              "lineNumber": 36,
              "columnNumber": 17546
            }
          ]
        }
      },
      "sessionId": "018E530505AA34E33D0970C457A9D475"
    },
    {
      "method": "Runtime.consoleAPICalled",
      "params": {
        "type": "error",
        "args": [
          {
            "type": "string",
            "value": "An error occurred during model execution: \"Error: failed to call OrtRun(). ERROR_CODE: 1, ERROR_MESSAGE: Non-zero status code returned while running GatherBlockQuantized node. Name:'/0/auto_model/embeddings/tok_embeddings/Gather_Q4' Status Message: Failed to create a WebGPU compute pipeline: A valid external Instance reference no longer exists.\"."
          }
        ],
        "executionContextId": 1,
        "timestamp": 1789072645604.618,
        "stackTrace": {
          "callFrames": [
            {
              "functionName": "error",
              "scriptId": "9",
              "url": "https://cdn.jsdelivr.net/npm/@huggingface/transformers@4.2.0",
              "lineNumber": 0,
              "columnNumber": 3812
            },
            {
              "functionName": "ue",
              "scriptId": "9",
              "url": "https://cdn.jsdelivr.net/npm/@huggingface/transformers@4.2.0",
              "lineNumber": 36,
              "columnNumber": 17484
            }
          ]
        }
      },
      "sessionId": "018E530505AA34E33D0970C457A9D475"
    },
    {
      "method": "Runtime.consoleAPICalled",
      "params": {
        "type": "error",
        "args": [
          {
            "type": "string",
            "value": "Inputs given to model:"
          },
          {
            "type": "object",
            "className": "Object",
            "description": "Object",
            "objectId": "5810534595104711865.1.35",
            "preview": {
              "type": "object",
              "description": "Object",
              "overflow": false,
              "properties": [
                {
                  "name": "input_ids",
                  "type": "object",
                  "value": "Object"
                },
                {
                  "name": "attention_mask",
                  "type": "object",
                  "value": "Object"
                }
              ]
            }
          }
        ],
        "executionContextId": 1,
        "timestamp": 1789072645604.837,
        "stackTrace": {
          "callFrames": [
            {
              "functionName": "error",
              "scriptId": "9",
              "url": "https://cdn.jsdelivr.net/npm/@huggingface/transformers@4.2.0",
              "lineNumber": 0,
              "columnNumber": 3812
            },
            {
              "functionName": "ue",
              "scriptId": "9",
              "url": "https://cdn.jsdelivr.net/npm/@huggingface/transformers@4.2.0",
              "lineNumber": 36,
              "columnNumber": 17546
            }
          ]
        }
      },
      "sessionId": "018E530505AA34E33D0970C457A9D475"
    },
    {
      "method": "Runtime.consoleAPICalled",
      "params": {
        "type": "error",
        "args": [
          {
            "type": "string",
            "value": "An error occurred during model execution: \"Error: failed to call OrtRun(). ERROR_CODE: 1, ERROR_MESSAGE: Non-zero status code returned while running GatherBlockQuantized node. Name:'/0/auto_model/embeddings/tok_embeddings/Gather_Q4' Status Message: Failed to create a WebGPU compute pipeline: A valid external Instance reference no longer exists.\"."
          }
        ],
        "executionContextId": 1,
        "timestamp": 1789072645605.74,
        "stackTrace": {
          "callFrames": [
            {
              "functionName": "error",
              "scriptId": "9",
              "url": "https://cdn.jsdelivr.net/npm/@huggingface/transformers@4.2.0",
              "lineNumber": 0,
              "columnNumber": 3812
            },
            {
              "functionName": "ue",
              "scriptId": "9",
              "url": "https://cdn.jsdelivr.net/npm/@huggingface/transformers@4.2.0",
              "lineNumber": 36,
              "columnNumber": 17484
            }
          ]
        }
      },
      "sessionId": "018E530505AA34E33D0970C457A9D475"
    },
    {
      "method": "Runtime.consoleAPICalled",
      "params": {
        "type": "error",
        "args": [
          {
            "type": "string",
            "value": "Inputs given to model:"
          },
          {
            "type": "object",
            "className": "Object",
            "description": "Object",
            "objectId": "5810534595104711865.1.36",
            "preview": {
              "type": "object",
              "description": "Object",
              "overflow": false,
              "properties": [
                {
                  "name": "input_ids",
                  "type": "object",
                  "value": "Object"
                },
                {
                  "name": "attention_mask",
                  "type": "object",
                  "value": "Object"
                }
              ]
            }
          }
        ],
        "executionContextId": 1,
        "timestamp": 1789072645605.94,
        "stackTrace": {
          "callFrames": [
            {
              "functionName": "error",
              "scriptId": "9",
              "url": "https://cdn.jsdelivr.net/npm/@huggingface/transformers@4.2.0",
              "lineNumber": 0,
              "columnNumber": 3812
            },
            {
              "functionName": "ue",
              "scriptId": "9",
              "url": "https://cdn.jsdelivr.net/npm/@huggingface/transformers@4.2.0",
              "lineNumber": 36,
              "columnNumber": 17546
            }
          ]
        }
      },
      "sessionId": "018E530505AA34E33D0970C457A9D475"
    },
    {
      "method": "Runtime.consoleAPICalled",
      "params": {
        "type": "error",
        "args": [
          {
            "type": "string",
            "value": "An error occurred during model execution: \"Error: failed to call OrtRun(). ERROR_CODE: 1, ERROR_MESSAGE: Non-zero status code returned while running GatherBlockQuantized node. Name:'/0/auto_model/embeddings/tok_embeddings/Gather_Q4' Status Message: Failed to create a WebGPU compute pipeline: A valid external Instance reference no longer exists.\"."
          }
        ],
        "executionContextId": 1,
        "timestamp": 1789072645606.895,
        "stackTrace": {
          "callFrames": [
            {
              "functionName": "error",
              "scriptId": "9",
              "url": "https://cdn.jsdelivr.net/npm/@huggingface/transformers@4.2.0",
              "lineNumber": 0,
              "columnNumber": 3812
            },
            {
              "functionName": "ue",
              "scriptId": "9",
              "url": "https://cdn.jsdelivr.net/npm/@huggingface/transformers@4.2.0",
              "lineNumber": 36,
              "columnNumber": 17484
            }
          ]
        }
      },
      "sessionId": "018E530505AA34E33D0970C457A9D475"
    },
    {
      "method": "Runtime.consoleAPICalled",
      "params": {
        "type": "error",
        "args": [
          {
            "type": "string",
            "value": "Inputs given to model:"
          },
          {
            "type": "object",
            "className": "Object",
            "description": "Object",
            "objectId": "5810534595104711865.1.37",
            "preview": {
              "type": "object",
              "description": "Object",
              "overflow": false,
              "properties": [
                {
                  "name": "input_ids",
                  "type": "object",
                  "value": "Object"
                },
                {
                  "name": "attention_mask",
                  "type": "object",
                  "value": "Object"
                }
              ]
            }
          }
        ],
        "executionContextId": 1,
        "timestamp": 1789072645607.13,
        "stackTrace": {
          "callFrames": [
            {
              "functionName": "error",
              "scriptId": "9",
              "url": "https://cdn.jsdelivr.net/npm/@huggingface/transformers@4.2.0",
              "lineNumber": 0,
              "columnNumber": 3812
            },
            {
              "functionName": "ue",
              "scriptId": "9",
              "url": "https://cdn.jsdelivr.net/npm/@huggingface/transformers@4.2.0",
              "lineNumber": 36,
              "columnNumber": 17546
            }
          ]
        }
      },
      "sessionId": "018E530505AA34E33D0970C457A9D475"
    },
    {
      "method": "Runtime.consoleAPICalled",
      "params": {
        "type": "error",
        "args": [
          {
            "type": "string",
            "value": "An error occurred during model execution: \"Error: failed to call OrtRun(). ERROR_CODE: 1, ERROR_MESSAGE: Non-zero status code returned while running GatherBlockQuantized node. Name:'/0/auto_model/embeddings/tok_embeddings/Gather_Q4' Status Message: Failed to create a WebGPU compute pipeline: A valid external Instance reference no longer exists.\"."
          }
        ],
        "executionContextId": 1,
        "timestamp": 1789072645608.086,
        "stackTrace": {
          "callFrames": [
            {
              "functionName": "error",
              "scriptId": "9",
              "url": "https://cdn.jsdelivr.net/npm/@huggingface/transformers@4.2.0",
              "lineNumber": 0,
              "columnNumber": 3812
            },
            {
              "functionName": "ue",
              "scriptId": "9",
              "url": "https://cdn.jsdelivr.net/npm/@huggingface/transformers@4.2.0",
              "lineNumber": 36,
              "columnNumber": 17484
            }
          ]
        }
      },
      "sessionId": "018E530505AA34E33D0970C457A9D475"
    },
    {
      "method": "Runtime.consoleAPICalled",
      "params": {
        "type": "error",
        "args": [
          {
            "type": "string",
            "value": "Inputs given to model:"
          },
          {
            "type": "object",
            "className": "Object",
            "description": "Object",
            "objectId": "5810534595104711865.1.38",
            "preview": {
              "type": "object",
              "description": "Object",
              "overflow": false,
              "properties": [
                {
                  "name": "input_ids",
                  "type": "object",
                  "value": "Object"
                },
                {
                  "name": "attention_mask",
                  "type": "object",
                  "value": "Object"
                }
              ]
            }
          }
        ],
        "executionContextId": 1,
        "timestamp": 1789072645608.354,
        "stackTrace": {
          "callFrames": [
            {
              "functionName": "error",
              "scriptId": "9",
              "url": "https://cdn.jsdelivr.net/npm/@huggingface/transformers@4.2.0",
              "lineNumber": 0,
              "columnNumber": 3812
            },
            {
              "functionName": "ue",
              "scriptId": "9",
              "url": "https://cdn.jsdelivr.net/npm/@huggingface/transformers@4.2.0",
              "lineNumber": 36,
              "columnNumber": 17546
            }
          ]
        }
      },
      "sessionId": "018E530505AA34E33D0970C457A9D475"
    },
    {
      "method": "Runtime.consoleAPICalled",
      "params": {
        "type": "error",
        "args": [
          {
            "type": "string",
            "value": "An error occurred during model execution: \"Error: failed to call OrtRun(). ERROR_CODE: 1, ERROR_MESSAGE: Non-zero status code returned while running GatherBlockQuantized node. Name:'/0/auto_model/embeddings/tok_embeddings/Gather_Q4' Status Message: Failed to create a WebGPU compute pipeline: A valid external Instance reference no longer exists.\"."
          }
        ],
        "executionContextId": 1,
        "timestamp": 1789072645609.488,
        "stackTrace": {
          "callFrames": [
            {
              "functionName": "error",
              "scriptId": "9",
              "url": "https://cdn.jsdelivr.net/npm/@huggingface/transformers@4.2.0",
              "lineNumber": 0,
              "columnNumber": 3812
            },
            {
              "functionName": "ue",
              "scriptId": "9",
              "url": "https://cdn.jsdelivr.net/npm/@huggingface/transformers@4.2.0",
              "lineNumber": 36,
              "columnNumber": 17484
            }
          ]
        }
      },
      "sessionId": "018E530505AA34E33D0970C457A9D475"
    },
    {
      "method": "Runtime.consoleAPICalled",
      "params": {
        "type": "error",
        "args": [
          {
            "type": "string",
            "value": "Inputs given to model:"
          },
          {
            "type": "object",
            "className": "Object",
            "description": "Object",
            "objectId": "5810534595104711865.1.39",
            "preview": {
              "type": "object",
              "description": "Object",
              "overflow": false,
              "properties": [
                {
                  "name": "input_ids",
                  "type": "object",
                  "value": "Object"
                },
                {
                  "name": "attention_mask",
                  "type": "object",
                  "value": "Object"
                }
              ]
            }
          }
        ],
        "executionContextId": 1,
        "timestamp": 1789072645609.819,
        "stackTrace": {
          "callFrames": [
            {
              "functionName": "error",
              "scriptId": "9",
              "url": "https://cdn.jsdelivr.net/npm/@huggingface/transformers@4.2.0",
              "lineNumber": 0,
              "columnNumber": 3812
            },
            {
              "functionName": "ue",
              "scriptId": "9",
              "url": "https://cdn.jsdelivr.net/npm/@huggingface/transformers@4.2.0",
              "lineNumber": 36,
              "columnNumber": 17546
            }
          ]
        }
      },
      "sessionId": "018E530505AA34E33D0970C457A9D475"
    },
    {
      "method": "Runtime.consoleAPICalled",
      "params": {
        "type": "error",
        "args": [
          {
            "type": "string",
            "value": "An error occurred during model execution: \"Error: failed to call OrtRun(). ERROR_CODE: 1, ERROR_MESSAGE: Non-zero status code returned while running GatherBlockQuantized node. Name:'/0/auto_model/embeddings/tok_embeddings/Gather_Q4' Status Message: Failed to create a WebGPU compute pipeline: A valid external Instance reference no longer exists.\"."
          }
        ],
        "executionContextId": 1,
        "timestamp": 1789072645610.969,
        "stackTrace": {
          "callFrames": [
            {
              "functionName": "error",
              "scriptId": "9",
              "url": "https://cdn.jsdelivr.net/npm/@huggingface/transformers@4.2.0",
              "lineNumber": 0,
              "columnNumber": 3812
            },
            {
              "functionName": "ue",
              "scriptId": "9",
              "url": "https://cdn.jsdelivr.net/npm/@huggingface/transformers@4.2.0",
              "lineNumber": 36,
              "columnNumber": 17484
            }
          ]
        }
      },
      "sessionId": "018E530505AA34E33D0970C457A9D475"
    },
    {
      "method": "Runtime.consoleAPICalled",
      "params": {
        "type": "error",
        "args": [
          {
            "type": "string",
            "value": "Inputs given to model:"
          },
          {
            "type": "object",
            "className": "Object",
            "description": "Object",
            "objectId": "5810534595104711865.1.40",
            "preview": {
              "type": "object",
              "description": "Object",
              "overflow": false,
              "properties": [
                {
                  "name": "input_ids",
                  "type": "object",
                  "value": "Object"
                },
                {
                  "name": "attention_mask",
                  "type": "object",
                  "value": "Object"
                }
              ]
            }
          }
        ],
        "executionContextId": 1,
        "timestamp": 1789072645611.262,
        "stackTrace": {
          "callFrames": [
            {
              "functionName": "error",
              "scriptId": "9",
              "url": "https://cdn.jsdelivr.net/npm/@huggingface/transformers@4.2.0",
              "lineNumber": 0,
              "columnNumber": 3812
            },
            {
              "functionName": "ue",
              "scriptId": "9",
              "url": "https://cdn.jsdelivr.net/npm/@huggingface/transformers@4.2.0",
              "lineNumber": 36,
              "columnNumber": 17546
            }
          ]
        }
      },
      "sessionId": "018E530505AA34E33D0970C457A9D475"
    },
    {
      "method": "Runtime.consoleAPICalled",
      "params": {
        "type": "error",
        "args": [
          {
            "type": "string",
            "value": "An error occurred during model execution: \"Error: failed to call OrtRun(). ERROR_CODE: 1, ERROR_MESSAGE: Non-zero status code returned while running GatherBlockQuantized node. Name:'/0/auto_model/embeddings/tok_embeddings/Gather_Q4' Status Message: Failed to create a WebGPU compute pipeline: A valid external Instance reference no longer exists.\"."
          }
        ],
        "executionContextId": 1,
        "timestamp": 1789072645612.461,
        "stackTrace": {
          "callFrames": [
            {
              "functionName": "error",
              "scriptId": "9",
              "url": "https://cdn.jsdelivr.net/npm/@huggingface/transformers@4.2.0",
              "lineNumber": 0,
              "columnNumber": 3812
            },
            {
              "functionName": "ue",
              "scriptId": "9",
              "url": "https://cdn.jsdelivr.net/npm/@huggingface/transformers@4.2.0",
              "lineNumber": 36,
              "columnNumber": 17484
            }
          ]
        }
      },
      "sessionId": "018E530505AA34E33D0970C457A9D475"
    },
    {
      "method": "Runtime.consoleAPICalled",
      "params": {
        "type": "error",
        "args": [
          {
            "type": "string",
            "value": "Inputs given to model:"
          },
          {
            "type": "object",
            "className": "Object",
            "description": "Object",
            "objectId": "5810534595104711865.1.41",
            "preview": {
              "type": "object",
              "description": "Object",
              "overflow": false,
              "properties": [
                {
                  "name": "input_ids",
                  "type": "object",
                  "value": "Object"
                },
                {
                  "name": "attention_mask",
                  "type": "object",
                  "value": "Object"
                }
              ]
            }
          }
        ],
        "executionContextId": 1,
        "timestamp": 1789072645612.735,
        "stackTrace": {
          "callFrames": [
            {
              "functionName": "error",
              "scriptId": "9",
              "url": "https://cdn.jsdelivr.net/npm/@huggingface/transformers@4.2.0",
              "lineNumber": 0,
              "columnNumber": 3812
            },
            {
              "functionName": "ue",
              "scriptId": "9",
              "url": "https://cdn.jsdelivr.net/npm/@huggingface/transformers@4.2.0",
              "lineNumber": 36,
              "columnNumber": 17546
            }
          ]
        }
      },
      "sessionId": "018E530505AA34E33D0970C457A9D475"
    },
    {
      "method": "Runtime.consoleAPICalled",
      "params": {
        "type": "error",
        "args": [
          {
            "type": "string",
            "value": "An error occurred during model execution: \"Error: failed to call OrtRun(). ERROR_CODE: 1, ERROR_MESSAGE: Non-zero status code returned while running GatherBlockQuantized node. Name:'/0/auto_model/embeddings/tok_embeddings/Gather_Q4' Status Message: Failed to create a WebGPU compute pipeline: A valid external Instance reference no longer exists.\"."
          }
        ],
        "executionContextId": 1,
        "timestamp": 1789072645613.81,
        "stackTrace": {
          "callFrames": [
            {
              "functionName": "error",
              "scriptId": "9",
              "url": "https://cdn.jsdelivr.net/npm/@huggingface/transformers@4.2.0",
              "lineNumber": 0,
              "columnNumber": 3812
            },
            {
              "functionName": "ue",
              "scriptId": "9",
              "url": "https://cdn.jsdelivr.net/npm/@huggingface/transformers@4.2.0",
              "lineNumber": 36,
              "columnNumber": 17484
            }
          ]
        }
      },
      "sessionId": "018E530505AA34E33D0970C457A9D475"
    },
    {
      "method": "Runtime.consoleAPICalled",
      "params": {
        "type": "error",
        "args": [
          {
            "type": "string",
            "value": "Inputs given to model:"
          },
          {
            "type": "object",
            "className": "Object",
            "description": "Object",
            "objectId": "5810534595104711865.1.42",
            "preview": {
              "type": "object",
              "description": "Object",
              "overflow": false,
              "properties": [
                {
                  "name": "input_ids",
                  "type": "object",
                  "value": "Object"
                },
                {
                  "name": "attention_mask",
                  "type": "object",
                  "value": "Object"
                }
              ]
            }
          }
        ],
        "executionContextId": 1,
        "timestamp": 1789072645614.106,
        "stackTrace": {
          "callFrames": [
            {
              "functionName": "error",
              "scriptId": "9",
              "url": "https://cdn.jsdelivr.net/npm/@huggingface/transformers@4.2.0",
              "lineNumber": 0,
              "columnNumber": 3812
            },
            {
              "functionName": "ue",
              "scriptId": "9",
              "url": "https://cdn.jsdelivr.net/npm/@huggingface/transformers@4.2.0",
              "lineNumber": 36,
              "columnNumber": 17546
            }
          ]
        }
      },
      "sessionId": "018E530505AA34E33D0970C457A9D475"
    },
    {
      "method": "Runtime.consoleAPICalled",
      "params": {
        "type": "error",
        "args": [
          {
            "type": "string",
            "value": "An error occurred during model execution: \"Error: failed to call OrtRun(). ERROR_CODE: 1, ERROR_MESSAGE: Non-zero status code returned while running GatherBlockQuantized node. Name:'/0/auto_model/embeddings/tok_embeddings/Gather_Q4' Status Message: Failed to create a WebGPU compute pipeline: A valid external Instance reference no longer exists.\"."
          }
        ],
        "executionContextId": 1,
        "timestamp": 1789072645615.251,
        "stackTrace": {
          "callFrames": [
            {
              "functionName": "error",
              "scriptId": "9",
              "url": "https://cdn.jsdelivr.net/npm/@huggingface/transformers@4.2.0",
              "lineNumber": 0,
              "columnNumber": 3812
            },
            {
              "functionName": "ue",
              "scriptId": "9",
              "url": "https://cdn.jsdelivr.net/npm/@huggingface/transformers@4.2.0",
              "lineNumber": 36,
              "columnNumber": 17484
            }
          ]
        }
      },
      "sessionId": "018E530505AA34E33D0970C457A9D475"
    },
    {
      "method": "Runtime.consoleAPICalled",
      "params": {
        "type": "error",
        "args": [
          {
            "type": "string",
            "value": "Inputs given to model:"
          },
          {
            "type": "object",
            "className": "Object",
            "description": "Object",
            "objectId": "5810534595104711865.1.43",
            "preview": {
              "type": "object",
              "description": "Object",
              "overflow": false,
              "properties": [
                {
                  "name": "input_ids",
                  "type": "object",
                  "value": "Object"
                },
                {
                  "name": "attention_mask",
                  "type": "object",
                  "value": "Object"
                }
              ]
            }
          }
        ],
        "executionContextId": 1,
        "timestamp": 1789072645615.55,
        "stackTrace": {
          "callFrames": [
            {
              "functionName": "error",
              "scriptId": "9",
              "url": "https://cdn.jsdelivr.net/npm/@huggingface/transformers@4.2.0",
              "lineNumber": 0,
              "columnNumber": 3812
            },
            {
              "functionName": "ue",
              "scriptId": "9",
              "url": "https://cdn.jsdelivr.net/npm/@huggingface/transformers@4.2.0",
              "lineNumber": 36,
              "columnNumber": 17546
            }
          ]
        }
      },
      "sessionId": "018E530505AA34E33D0970C457A9D475"
    },
    {
      "method": "Runtime.consoleAPICalled",
      "params": {
        "type": "error",
        "args": [
          {
            "type": "string",
            "value": "An error occurred during model execution: \"Error: failed to call OrtRun(). ERROR_CODE: 1, ERROR_MESSAGE: Non-zero status code returned while running GatherBlockQuantized node. Name:'/0/auto_model/embeddings/tok_embeddings/Gather_Q4' Status Message: Failed to create a WebGPU compute pipeline: A valid external Instance reference no longer exists.\"."
          }
        ],
        "executionContextId": 1,
        "timestamp": 1789072645616.686,
        "stackTrace": {
          "callFrames": [
            {
              "functionName": "error",
              "scriptId": "9",
              "url": "https://cdn.jsdelivr.net/npm/@huggingface/transformers@4.2.0",
              "lineNumber": 0,
              "columnNumber": 3812
            },
            {
              "functionName": "ue",
              "scriptId": "9",
              "url": "https://cdn.jsdelivr.net/npm/@huggingface/transformers@4.2.0",
              "lineNumber": 36,
              "columnNumber": 17484
            }
          ]
        }
      },
      "sessionId": "018E530505AA34E33D0970C457A9D475"
    },
    {
      "method": "Runtime.consoleAPICalled",
      "params": {
        "type": "error",
        "args": [
          {
            "type": "string",
            "value": "Inputs given to model:"
          },
          {
            "type": "object",
            "className": "Object",
            "description": "Object",
            "objectId": "5810534595104711865.1.44",
            "preview": {
              "type": "object",
              "description": "Object",
              "overflow": false,
              "properties": [
                {
                  "name": "input_ids",
                  "type": "object",
                  "value": "Object"
                },
                {
                  "name": "attention_mask",
                  "type": "object",
                  "value": "Object"
                }
              ]
            }
          }
        ],
        "executionContextId": 1,
        "timestamp": 1789072645616.93,
        "stackTrace": {
          "callFrames": [
            {
              "functionName": "error",
              "scriptId": "9",
              "url": "https://cdn.jsdelivr.net/npm/@huggingface/transformers@4.2.0",
              "lineNumber": 0,
              "columnNumber": 3812
            },
            {
              "functionName": "ue",
              "scriptId": "9",
              "url": "https://cdn.jsdelivr.net/npm/@huggingface/transformers@4.2.0",
              "lineNumber": 36,
              "columnNumber": 17546
            }
          ]
        }
      },
      "sessionId": "018E530505AA34E33D0970C457A9D475"
    },
    {
      "method": "Runtime.consoleAPICalled",
      "params": {
        "type": "error",
        "args": [
          {
            "type": "string",
            "value": "An error occurred during model execution: \"Error: failed to call OrtRun(). ERROR_CODE: 1, ERROR_MESSAGE: Non-zero status code returned while running GatherBlockQuantized node. Name:'/0/auto_model/embeddings/tok_embeddings/Gather_Q4' Status Message: Failed to create a WebGPU compute pipeline: A valid external Instance reference no longer exists.\"."
          }
        ],
        "executionContextId": 1,
        "timestamp": 1789072645617.946,
        "stackTrace": {
          "callFrames": [
            {
              "functionName": "error",
              "scriptId": "9",
              "url": "https://cdn.jsdelivr.net/npm/@huggingface/transformers@4.2.0",
              "lineNumber": 0,
              "columnNumber": 3812
            },
            {
              "functionName": "ue",
              "scriptId": "9",
              "url": "https://cdn.jsdelivr.net/npm/@huggingface/transformers@4.2.0",
              "lineNumber": 36,
              "columnNumber": 17484
            }
          ]
        }
      },
      "sessionId": "018E530505AA34E33D0970C457A9D475"
    },
    {
      "method": "Runtime.consoleAPICalled",
      "params": {
        "type": "error",
        "args": [
          {
            "type": "string",
            "value": "Inputs given to model:"
          },
          {
            "type": "object",
            "className": "Object",
            "description": "Object",
            "objectId": "5810534595104711865.1.45",
            "preview": {
              "type": "object",
              "description": "Object",
              "overflow": false,
              "properties": [
                {
                  "name": "input_ids",
                  "type": "object",
                  "value": "Object"
                },
                {
                  "name": "attention_mask",
                  "type": "object",
                  "value": "Object"
                }
              ]
            }
          }
        ],
        "executionContextId": 1,
        "timestamp": 1789072645618.156,
        "stackTrace": {
          "callFrames": [
            {
              "functionName": "error",
              "scriptId": "9",
              "url": "https://cdn.jsdelivr.net/npm/@huggingface/transformers@4.2.0",
              "lineNumber": 0,
              "columnNumber": 3812
            },
            {
              "functionName": "ue",
              "scriptId": "9",
              "url": "https://cdn.jsdelivr.net/npm/@huggingface/transformers@4.2.0",
              "lineNumber": 36,
              "columnNumber": 17546
            }
          ]
        }
      },
      "sessionId": "018E530505AA34E33D0970C457A9D475"
    },
    {
      "method": "Runtime.consoleAPICalled",
      "params": {
        "type": "error",
        "args": [
          {
            "type": "string",
            "value": "An error occurred during model execution: \"Error: failed to call OrtRun(). ERROR_CODE: 1, ERROR_MESSAGE: Non-zero status code returned while running GatherBlockQuantized node. Name:'/0/auto_model/embeddings/tok_embeddings/Gather_Q4' Status Message: Failed to create a WebGPU compute pipeline: A valid external Instance reference no longer exists.\"."
          }
        ],
        "executionContextId": 1,
        "timestamp": 1789072645619.306,
        "stackTrace": {
          "callFrames": [
            {
              "functionName": "error",
              "scriptId": "9",
              "url": "https://cdn.jsdelivr.net/npm/@huggingface/transformers@4.2.0",
              "lineNumber": 0,
              "columnNumber": 3812
            },
            {
              "functionName": "ue",
              "scriptId": "9",
              "url": "https://cdn.jsdelivr.net/npm/@huggingface/transformers@4.2.0",
              "lineNumber": 36,
              "columnNumber": 17484
            }
          ]
        }
      },
      "sessionId": "018E530505AA34E33D0970C457A9D475"
    },
    {
      "method": "Runtime.consoleAPICalled",
      "params": {
        "type": "error",
        "args": [
          {
            "type": "string",
            "value": "Inputs given to model:"
          },
          {
            "type": "object",
            "className": "Object",
            "description": "Object",
            "objectId": "5810534595104711865.1.46",
            "preview": {
              "type": "object",
              "description": "Object",
              "overflow": false,
              "properties": [
                {
                  "name": "input_ids",
                  "type": "object",
                  "value": "Object"
                },
                {
                  "name": "attention_mask",
                  "type": "object",
                  "value": "Object"
                }
              ]
            }
          }
        ],
        "executionContextId": 1,
        "timestamp": 1789072645619.514,
        "stackTrace": {
          "callFrames": [
            {
              "functionName": "error",
              "scriptId": "9",
              "url": "https://cdn.jsdelivr.net/npm/@huggingface/transformers@4.2.0",
              "lineNumber": 0,
              "columnNumber": 3812
            },
            {
              "functionName": "ue",
              "scriptId": "9",
              "url": "https://cdn.jsdelivr.net/npm/@huggingface/transformers@4.2.0",
              "lineNumber": 36,
              "columnNumber": 17546
            }
          ]
        }
      },
      "sessionId": "018E530505AA34E33D0970C457A9D475"
    },
    {
      "method": "Runtime.consoleAPICalled",
      "params": {
        "type": "error",
        "args": [
          {
            "type": "string",
            "value": "An error occurred during model execution: \"Error: failed to call OrtRun(). ERROR_CODE: 1, ERROR_MESSAGE: Non-zero status code returned while running GatherBlockQuantized node. Name:'/0/auto_model/embeddings/tok_embeddings/Gather_Q4' Status Message: Failed to create a WebGPU compute pipeline: A valid external Instance reference no longer exists.\"."
          }
        ],
        "executionContextId": 1,
        "timestamp": 1789072645620.603,
        "stackTrace": {
          "callFrames": [
            {
              "functionName": "error",
              "scriptId": "9",
              "url": "https://cdn.jsdelivr.net/npm/@huggingface/transformers@4.2.0",
              "lineNumber": 0,
              "columnNumber": 3812
            },
            {
              "functionName": "ue",
              "scriptId": "9",
              "url": "https://cdn.jsdelivr.net/npm/@huggingface/transformers@4.2.0",
              "lineNumber": 36,
              "columnNumber": 17484
            }
          ]
        }
      },
      "sessionId": "018E530505AA34E33D0970C457A9D475"
    },
    {
      "method": "Runtime.consoleAPICalled",
      "params": {
        "type": "error",
        "args": [
          {
            "type": "string",
            "value": "Inputs given to model:"
          },
          {
            "type": "object",
            "className": "Object",
            "description": "Object",
            "objectId": "5810534595104711865.1.47",
            "preview": {
              "type": "object",
              "description": "Object",
              "overflow": false,
              "properties": [
                {
                  "name": "input_ids",
                  "type": "object",
                  "value": "Object"
                },
                {
                  "name": "attention_mask",
                  "type": "object",
                  "value": "Object"
                }
              ]
            }
          }
        ],
        "executionContextId": 1,
        "timestamp": 1789072645620.815,
        "stackTrace": {
          "callFrames": [
            {
              "functionName": "error",
              "scriptId": "9",
              "url": "https://cdn.jsdelivr.net/npm/@huggingface/transformers@4.2.0",
              "lineNumber": 0,
              "columnNumber": 3812
            },
            {
              "functionName": "ue",
              "scriptId": "9",
              "url": "https://cdn.jsdelivr.net/npm/@huggingface/transformers@4.2.0",
              "lineNumber": 36,
              "columnNumber": 17546
            }
          ]
        }
      },
      "sessionId": "018E530505AA34E33D0970C457A9D475"
    },
    {
      "method": "Runtime.consoleAPICalled",
      "params": {
        "type": "error",
        "args": [
          {
            "type": "string",
            "value": "An error occurred during model execution: \"Error: failed to call OrtRun(). ERROR_CODE: 1, ERROR_MESSAGE: Non-zero status code returned while running GatherBlockQuantized node. Name:'/0/auto_model/embeddings/tok_embeddings/Gather_Q4' Status Message: Failed to create a WebGPU compute pipeline: A valid external Instance reference no longer exists.\"."
          }
        ],
        "executionContextId": 1,
        "timestamp": 1789072645621.948,
        "stackTrace": {
          "callFrames": [
            {
              "functionName": "error",
              "scriptId": "9",
              "url": "https://cdn.jsdelivr.net/npm/@huggingface/transformers@4.2.0",
              "lineNumber": 0,
              "columnNumber": 3812
            },
            {
              "functionName": "ue",
              "scriptId": "9",
              "url": "https://cdn.jsdelivr.net/npm/@huggingface/transformers@4.2.0",
              "lineNumber": 36,
              "columnNumber": 17484
            }
          ]
        }
      },
      "sessionId": "018E530505AA34E33D0970C457A9D475"
    },
    {
      "method": "Runtime.consoleAPICalled",
      "params": {
        "type": "error",
        "args": [
          {
            "type": "string",
            "value": "Inputs given to model:"
          },
          {
            "type": "object",
            "className": "Object",
            "description": "Object",
            "objectId": "5810534595104711865.1.48",
            "preview": {
              "type": "object",
              "description": "Object",
              "overflow": false,
              "properties": [
                {
                  "name": "input_ids",
                  "type": "object",
                  "value": "Object"
                },
                {
                  "name": "attention_mask",
                  "type": "object",
                  "value": "Object"
                }
              ]
            }
          }
        ],
        "executionContextId": 1,
        "timestamp": 1789072645622.165,
        "stackTrace": {
          "callFrames": [
            {
              "functionName": "error",
              "scriptId": "9",
              "url": "https://cdn.jsdelivr.net/npm/@huggingface/transformers@4.2.0",
              "lineNumber": 0,
              "columnNumber": 3812
            },
            {
              "functionName": "ue",
              "scriptId": "9",
              "url": "https://cdn.jsdelivr.net/npm/@huggingface/transformers@4.2.0",
              "lineNumber": 36,
              "columnNumber": 17546
            }
          ]
        }
      },
      "sessionId": "018E530505AA34E33D0970C457A9D475"
    },
    {
      "method": "Runtime.consoleAPICalled",
      "params": {
        "type": "error",
        "args": [
          {
            "type": "string",
            "value": "An error occurred during model execution: \"Error: failed to call OrtRun(). ERROR_CODE: 1, ERROR_MESSAGE: Non-zero status code returned while running GatherBlockQuantized node. Name:'/0/auto_model/embeddings/tok_embeddings/Gather_Q4' Status Message: Failed to create a WebGPU compute pipeline: A valid external Instance reference no longer exists.\"."
          }
        ],
        "executionContextId": 1,
        "timestamp": 1789072645623.285,
        "stackTrace": {
          "callFrames": [
            {
              "functionName": "error",
              "scriptId": "9",
              "url": "https://cdn.jsdelivr.net/npm/@huggingface/transformers@4.2.0",
              "lineNumber": 0,
              "columnNumber": 3812
            },
            {
              "functionName": "ue",
              "scriptId": "9",
              "url": "https://cdn.jsdelivr.net/npm/@huggingface/transformers@4.2.0",
              "lineNumber": 36,
              "columnNumber": 17484
            }
          ]
        }
      },
      "sessionId": "018E530505AA34E33D0970C457A9D475"
    },
    {
      "method": "Runtime.consoleAPICalled",
      "params": {
        "type": "error",
        "args": [
          {
            "type": "string",
            "value": "Inputs given to model:"
          },
          {
            "type": "object",
            "className": "Object",
            "description": "Object",
            "objectId": "5810534595104711865.1.49",
            "preview": {
              "type": "object",
              "description": "Object",
              "overflow": false,
              "properties": [
                {
                  "name": "input_ids",
                  "type": "object",
                  "value": "Object"
                },
                {
                  "name": "attention_mask",
                  "type": "object",
                  "value": "Object"
                }
              ]
            }
          }
        ],
        "executionContextId": 1,
        "timestamp": 1789072645623.51,
        "stackTrace": {
          "callFrames": [
            {
              "functionName": "error",
              "scriptId": "9",
              "url": "https://cdn.jsdelivr.net/npm/@huggingface/transformers@4.2.0",
              "lineNumber": 0,
              "columnNumber": 3812
            },
            {
              "functionName": "ue",
              "scriptId": "9",
              "url": "https://cdn.jsdelivr.net/npm/@huggingface/transformers@4.2.0",
              "lineNumber": 36,
              "columnNumber": 17546
            }
          ]
        }
      },
      "sessionId": "018E530505AA34E33D0970C457A9D475"
    },
    {
      "method": "Runtime.consoleAPICalled",
      "params": {
        "type": "error",
        "args": [
          {
            "type": "string",
            "value": "An error occurred during model execution: \"Error: failed to call OrtRun(). ERROR_CODE: 1, ERROR_MESSAGE: Non-zero status code returned while running GatherBlockQuantized node. Name:'/0/auto_model/embeddings/tok_embeddings/Gather_Q4' Status Message: Failed to create a WebGPU compute pipeline: A valid external Instance reference no longer exists.\"."
          }
        ],
        "executionContextId": 1,
        "timestamp": 1789072645624.58,
        "stackTrace": {
          "callFrames": [
            {
              "functionName": "error",
              "scriptId": "9",
              "url": "https://cdn.jsdelivr.net/npm/@huggingface/transformers@4.2.0",
              "lineNumber": 0,
              "columnNumber": 3812
            },
            {
              "functionName": "ue",
              "scriptId": "9",
              "url": "https://cdn.jsdelivr.net/npm/@huggingface/transformers@4.2.0",
              "lineNumber": 36,
              "columnNumber": 17484
            }
          ]
        }
      },
      "sessionId": "018E530505AA34E33D0970C457A9D475"
    },
    {
      "method": "Runtime.consoleAPICalled",
      "params": {
        "type": "error",
        "args": [
          {
            "type": "string",
            "value": "Inputs given to model:"
          },
          {
            "type": "object",
            "className": "Object",
            "description": "Object",
            "objectId": "5810534595104711865.1.50",
            "preview": {
              "type": "object",
              "description": "Object",
              "overflow": false,
              "properties": [
                {
                  "name": "input_ids",
                  "type": "object",
                  "value": "Object"
                },
                {
                  "name": "attention_mask",
                  "type": "object",
                  "value": "Object"
                }
              ]
            }
          }
        ],
        "executionContextId": 1,
        "timestamp": 1789072645624.841,
        "stackTrace": {
          "callFrames": [
            {
              "functionName": "error",
              "scriptId": "9",
              "url": "https://cdn.jsdelivr.net/npm/@huggingface/transformers@4.2.0",
              "lineNumber": 0,
              "columnNumber": 3812
            },
            {
              "functionName": "ue",
              "scriptId": "9",
              "url": "https://cdn.jsdelivr.net/npm/@huggingface/transformers@4.2.0",
              "lineNumber": 36,
              "columnNumber": 17546
            }
          ]
        }
      },
      "sessionId": "018E530505AA34E33D0970C457A9D475"
    },
    {
      "method": "Runtime.consoleAPICalled",
      "params": {
        "type": "error",
        "args": [
          {
            "type": "string",
            "value": "An error occurred during model execution: \"Error: failed to call OrtRun(). ERROR_CODE: 1, ERROR_MESSAGE: Non-zero status code returned while running GatherBlockQuantized node. Name:'/0/auto_model/embeddings/tok_embeddings/Gather_Q4' Status Message: Failed to create a WebGPU compute pipeline: A valid external Instance reference no longer exists.\"."
          }
        ],
        "executionContextId": 1,
        "timestamp": 1789072645626.051,
        "stackTrace": {
          "callFrames": [
            {
              "functionName": "error",
              "scriptId": "9",
              "url": "https://cdn.jsdelivr.net/npm/@huggingface/transformers@4.2.0",
              "lineNumber": 0,
              "columnNumber": 3812
            },
            {
              "functionName": "ue",
              "scriptId": "9",
              "url": "https://cdn.jsdelivr.net/npm/@huggingface/transformers@4.2.0",
              "lineNumber": 36,
              "columnNumber": 17484
            }
          ]
        }
      },
      "sessionId": "018E530505AA34E33D0970C457A9D475"
    },
    {
      "method": "Runtime.consoleAPICalled",
      "params": {
        "type": "error",
        "args": [
          {
            "type": "string",
            "value": "Inputs given to model:"
          },
          {
            "type": "object",
            "className": "Object",
            "description": "Object",
            "objectId": "5810534595104711865.1.51",
            "preview": {
              "type": "object",
              "description": "Object",
              "overflow": false,
              "properties": [
                {
                  "name": "input_ids",
                  "type": "object",
                  "value": "Object"
                },
                {
                  "name": "attention_mask",
                  "type": "object",
                  "value": "Object"
                }
              ]
            }
          }
        ],
        "executionContextId": 1,
        "timestamp": 1789072645626.308,
        "stackTrace": {
          "callFrames": [
            {
              "functionName": "error",
              "scriptId": "9",
              "url": "https://cdn.jsdelivr.net/npm/@huggingface/transformers@4.2.0",
              "lineNumber": 0,
              "columnNumber": 3812
            },
            {
              "functionName": "ue",
              "scriptId": "9",
              "url": "https://cdn.jsdelivr.net/npm/@huggingface/transformers@4.2.0",
              "lineNumber": 36,
              "columnNumber": 17546
            }
          ]
        }
      },
      "sessionId": "018E530505AA34E33D0970C457A9D475"
    },
    {
      "method": "Runtime.consoleAPICalled",
      "params": {
        "type": "error",
        "args": [
          {
            "type": "string",
            "value": "An error occurred during model execution: \"Error: failed to call OrtRun(). ERROR_CODE: 1, ERROR_MESSAGE: Non-zero status code returned while running GatherBlockQuantized node. Name:'/0/auto_model/embeddings/tok_embeddings/Gather_Q4' Status Message: Failed to create a WebGPU compute pipeline: A valid external Instance reference no longer exists.\"."
          }
        ],
        "executionContextId": 1,
        "timestamp": 1789072645627.447,
        "stackTrace": {
          "callFrames": [
            {
              "functionName": "error",
              "scriptId": "9",
              "url": "https://cdn.jsdelivr.net/npm/@huggingface/transformers@4.2.0",
              "lineNumber": 0,
              "columnNumber": 3812
            },
            {
              "functionName": "ue",
              "scriptId": "9",
              "url": "https://cdn.jsdelivr.net/npm/@huggingface/transformers@4.2.0",
              "lineNumber": 36,
              "columnNumber": 17484
            }
          ]
        }
      },
      "sessionId": "018E530505AA34E33D0970C457A9D475"
    },
    {
      "method": "Runtime.consoleAPICalled",
      "params": {
        "type": "error",
        "args": [
          {
            "type": "string",
            "value": "Inputs given to model:"
          },
          {
            "type": "object",
            "className": "Object",
            "description": "Object",
            "objectId": "5810534595104711865.1.52",
            "preview": {
              "type": "object",
              "description": "Object",
              "overflow": false,
              "properties": [
                {
                  "name": "input_ids",
                  "type": "object",
                  "value": "Object"
                },
                {
                  "name": "attention_mask",
                  "type": "object",
                  "value": "Object"
                }
              ]
            }
          }
        ],
        "executionContextId": 1,
        "timestamp": 1789072645627.684,
        "stackTrace": {
          "callFrames": [
            {
              "functionName": "error",
              "scriptId": "9",
              "url": "https://cdn.jsdelivr.net/npm/@huggingface/transformers@4.2.0",
              "lineNumber": 0,
              "columnNumber": 3812
            },
            {
              "functionName": "ue",
              "scriptId": "9",
              "url": "https://cdn.jsdelivr.net/npm/@huggingface/transformers@4.2.0",
              "lineNumber": 36,
              "columnNumber": 17546
            }
          ]
        }
      },
      "sessionId": "018E530505AA34E33D0970C457A9D475"
    },
    {
      "method": "Runtime.consoleAPICalled",
      "params": {
        "type": "error",
        "args": [
          {
            "type": "string",
            "value": "An error occurred during model execution: \"Error: failed to call OrtRun(). ERROR_CODE: 1, ERROR_MESSAGE: Non-zero status code returned while running GatherBlockQuantized node. Name:'/0/auto_model/embeddings/tok_embeddings/Gather_Q4' Status Message: Failed to create a WebGPU compute pipeline: A valid external Instance reference no longer exists.\"."
          }
        ],
        "executionContextId": 1,
        "timestamp": 1789072645628.842,
        "stackTrace": {
          "callFrames": [
            {
              "functionName": "error",
              "scriptId": "9",
              "url": "https://cdn.jsdelivr.net/npm/@huggingface/transformers@4.2.0",
              "lineNumber": 0,
              "columnNumber": 3812
            },
            {
              "functionName": "ue",
              "scriptId": "9",
              "url": "https://cdn.jsdelivr.net/npm/@huggingface/transformers@4.2.0",
              "lineNumber": 36,
              "columnNumber": 17484
            }
          ]
        }
      },
      "sessionId": "018E530505AA34E33D0970C457A9D475"
    },
    {
      "method": "Runtime.consoleAPICalled",
      "params": {
        "type": "error",
        "args": [
          {
            "type": "string",
            "value": "Inputs given to model:"
          },
          {
            "type": "object",
            "className": "Object",
            "description": "Object",
            "objectId": "5810534595104711865.1.53",
            "preview": {
              "type": "object",
              "description": "Object",
              "overflow": false,
              "properties": [
                {
                  "name": "input_ids",
                  "type": "object",
                  "value": "Object"
                },
                {
                  "name": "attention_mask",
                  "type": "object",
                  "value": "Object"
                }
              ]
            }
          }
        ],
        "executionContextId": 1,
        "timestamp": 1789072645629.095,
        "stackTrace": {
          "callFrames": [
            {
              "functionName": "error",
              "scriptId": "9",
              "url": "https://cdn.jsdelivr.net/npm/@huggingface/transformers@4.2.0",
              "lineNumber": 0,
              "columnNumber": 3812
            },
            {
              "functionName": "ue",
              "scriptId": "9",
              "url": "https://cdn.jsdelivr.net/npm/@huggingface/transformers@4.2.0",
              "lineNumber": 36,
              "columnNumber": 17546
            }
          ]
        }
      },
      "sessionId": "018E530505AA34E33D0970C457A9D475"
    },
    {
      "method": "Runtime.consoleAPICalled",
      "params": {
        "type": "error",
        "args": [
          {
            "type": "string",
            "value": "An error occurred during model execution: \"Error: failed to call OrtRun(). ERROR_CODE: 1, ERROR_MESSAGE: Non-zero status code returned while running GatherBlockQuantized node. Name:'/0/auto_model/embeddings/tok_embeddings/Gather_Q4' Status Message: Failed to create a WebGPU compute pipeline: A valid external Instance reference no longer exists.\"."
          }
        ],
        "executionContextId": 1,
        "timestamp": 1789072645630.243,
        "stackTrace": {
          "callFrames": [
            {
              "functionName": "error",
              "scriptId": "9",
              "url": "https://cdn.jsdelivr.net/npm/@huggingface/transformers@4.2.0",
              "lineNumber": 0,
              "columnNumber": 3812
            },
            {
              "functionName": "ue",
              "scriptId": "9",
              "url": "https://cdn.jsdelivr.net/npm/@huggingface/transformers@4.2.0",
              "lineNumber": 36,
              "columnNumber": 17484
            }
          ]
        }
      },
      "sessionId": "018E530505AA34E33D0970C457A9D475"
    },
    {
      "method": "Runtime.consoleAPICalled",
      "params": {
        "type": "error",
        "args": [
          {
            "type": "string",
            "value": "Inputs given to model:"
          },
          {
            "type": "object",
            "className": "Object",
            "description": "Object",
            "objectId": "5810534595104711865.1.54",
            "preview": {
              "type": "object",
              "description": "Object",
              "overflow": false,
              "properties": [
                {
                  "name": "input_ids",
                  "type": "object",
                  "value": "Object"
                },
                {
                  "name": "attention_mask",
                  "type": "object",
                  "value": "Object"
                }
              ]
            }
          }
        ],
        "executionContextId": 1,
        "timestamp": 1789072645630.486,
        "stackTrace": {
          "callFrames": [
            {
              "functionName": "error",
              "scriptId": "9",
              "url": "https://cdn.jsdelivr.net/npm/@huggingface/transformers@4.2.0",
              "lineNumber": 0,
              "columnNumber": 3812
            },
            {
              "functionName": "ue",
              "scriptId": "9",
              "url": "https://cdn.jsdelivr.net/npm/@huggingface/transformers@4.2.0",
              "lineNumber": 36,
              "columnNumber": 17546
            }
          ]
        }
      },
      "sessionId": "018E530505AA34E33D0970C457A9D475"
    },
    {
      "method": "Runtime.consoleAPICalled",
      "params": {
        "type": "error",
        "args": [
          {
            "type": "string",
            "value": "An error occurred during model execution: \"Error: failed to call OrtRun(). ERROR_CODE: 1, ERROR_MESSAGE: Non-zero status code returned while running GatherBlockQuantized node. Name:'/0/auto_model/embeddings/tok_embeddings/Gather_Q4' Status Message: Failed to create a WebGPU compute pipeline: A valid external Instance reference no longer exists.\"."
          }
        ],
        "executionContextId": 1,
        "timestamp": 1789072645631.621,
        "stackTrace": {
          "callFrames": [
            {
              "functionName": "error",
              "scriptId": "9",
              "url": "https://cdn.jsdelivr.net/npm/@huggingface/transformers@4.2.0",
              "lineNumber": 0,
              "columnNumber": 3812
            },
            {
              "functionName": "ue",
              "scriptId": "9",
              "url": "https://cdn.jsdelivr.net/npm/@huggingface/transformers@4.2.0",
              "lineNumber": 36,
              "columnNumber": 17484
            }
          ]
        }
      },
      "sessionId": "018E530505AA34E33D0970C457A9D475"
    },
    {
      "method": "Runtime.consoleAPICalled",
      "params": {
        "type": "error",
        "args": [
          {
            "type": "string",
            "value": "Inputs given to model:"
          },
          {
            "type": "object",
            "className": "Object",
            "description": "Object",
            "objectId": "5810534595104711865.1.55",
            "preview": {
              "type": "object",
              "description": "Object",
              "overflow": false,
              "properties": [
                {
                  "name": "input_ids",
                  "type": "object",
                  "value": "Object"
                },
                {
                  "name": "attention_mask",
                  "type": "object",
                  "value": "Object"
                }
              ]
            }
          }
        ],
        "executionContextId": 1,
        "timestamp": 1789072645631.828,
        "stackTrace": {
          "callFrames": [
            {
              "functionName": "error",
              "scriptId": "9",
              "url": "https://cdn.jsdelivr.net/npm/@huggingface/transformers@4.2.0",
              "lineNumber": 0,
              "columnNumber": 3812
            },
            {
              "functionName": "ue",
              "scriptId": "9",
              "url": "https://cdn.jsdelivr.net/npm/@huggingface/transformers@4.2.0",
              "lineNumber": 36,
              "columnNumber": 17546
            }
          ]
        }
      },
      "sessionId": "018E530505AA34E33D0970C457A9D475"
    },
    {
      "method": "Runtime.consoleAPICalled",
      "params": {
        "type": "error",
        "args": [
          {
            "type": "string",
            "value": "An error occurred during model execution: \"Error: failed to call OrtRun(). ERROR_CODE: 1, ERROR_MESSAGE: Non-zero status code returned while running GatherBlockQuantized node. Name:'/0/auto_model/embeddings/tok_embeddings/Gather_Q4' Status Message: Failed to create a WebGPU compute pipeline: A valid external Instance reference no longer exists.\"."
          }
        ],
        "executionContextId": 1,
        "timestamp": 1789072645633.193,
        "stackTrace": {
          "callFrames": [
            {
              "functionName": "error",
              "scriptId": "9",
              "url": "https://cdn.jsdelivr.net/npm/@huggingface/transformers@4.2.0",
              "lineNumber": 0,
              "columnNumber": 3812
            },
            {
              "functionName": "ue",
              "scriptId": "9",
              "url": "https://cdn.jsdelivr.net/npm/@huggingface/transformers@4.2.0",
              "lineNumber": 36,
              "columnNumber": 17484
            }
          ]
        }
      },
      "sessionId": "018E530505AA34E33D0970C457A9D475"
    },
    {
      "method": "Runtime.consoleAPICalled",
      "params": {
        "type": "error",
        "args": [
          {
            "type": "string",
            "value": "Inputs given to model:"
          },
          {
            "type": "object",
            "className": "Object",
            "description": "Object",
            "objectId": "5810534595104711865.1.56",
            "preview": {
              "type": "object",
              "description": "Object",
              "overflow": false,
              "properties": [
                {
                  "name": "input_ids",
                  "type": "object",
                  "value": "Object"
                },
                {
                  "name": "attention_mask",
                  "type": "object",
                  "value": "Object"
                }
              ]
            }
          }
        ],
        "executionContextId": 1,
        "timestamp": 1789072645633.422,
        "stackTrace": {
          "callFrames": [
            {
              "functionName": "error",
              "scriptId": "9",
              "url": "https://cdn.jsdelivr.net/npm/@huggingface/transformers@4.2.0",
              "lineNumber": 0,
              "columnNumber": 3812
            },
            {
              "functionName": "ue",
              "scriptId": "9",
              "url": "https://cdn.jsdelivr.net/npm/@huggingface/transformers@4.2.0",
              "lineNumber": 36,
              "columnNumber": 17546
            }
          ]
        }
      },
      "sessionId": "018E530505AA34E33D0970C457A9D475"
    },
    {
      "method": "Runtime.consoleAPICalled",
      "params": {
        "type": "error",
        "args": [
          {
            "type": "string",
            "value": "An error occurred during model execution: \"Error: failed to call OrtRun(). ERROR_CODE: 1, ERROR_MESSAGE: Non-zero status code returned while running GatherBlockQuantized node. Name:'/0/auto_model/embeddings/tok_embeddings/Gather_Q4' Status Message: Failed to create a WebGPU compute pipeline: A valid external Instance reference no longer exists.\"."
          }
        ],
        "executionContextId": 1,
        "timestamp": 1789072645634.653,
        "stackTrace": {
          "callFrames": [
            {
              "functionName": "error",
              "scriptId": "9",
              "url": "https://cdn.jsdelivr.net/npm/@huggingface/transformers@4.2.0",
              "lineNumber": 0,
              "columnNumber": 3812
            },
            {
              "functionName": "ue",
              "scriptId": "9",
              "url": "https://cdn.jsdelivr.net/npm/@huggingface/transformers@4.2.0",
              "lineNumber": 36,
              "columnNumber": 17484
            }
          ]
        }
      },
      "sessionId": "018E530505AA34E33D0970C457A9D475"
    },
    {
      "method": "Runtime.consoleAPICalled",
      "params": {
        "type": "error",
        "args": [
          {
            "type": "string",
            "value": "Inputs given to model:"
          },
          {
            "type": "object",
            "className": "Object",
            "description": "Object",
            "objectId": "5810534595104711865.1.57",
            "preview": {
              "type": "object",
              "description": "Object",
              "overflow": false,
              "properties": [
                {
                  "name": "input_ids",
                  "type": "object",
                  "value": "Object"
                },
                {
                  "name": "attention_mask",
                  "type": "object",
                  "value": "Object"
                }
              ]
            }
          }
        ],
        "executionContextId": 1,
        "timestamp": 1789072645634.893,
        "stackTrace": {
          "callFrames": [
            {
              "functionName": "error",
              "scriptId": "9",
              "url": "https://cdn.jsdelivr.net/npm/@huggingface/transformers@4.2.0",
              "lineNumber": 0,
              "columnNumber": 3812
            },
            {
              "functionName": "ue",
              "scriptId": "9",
              "url": "https://cdn.jsdelivr.net/npm/@huggingface/transformers@4.2.0",
              "lineNumber": 36,
              "columnNumber": 17546
            }
          ]
        }
      },
      "sessionId": "018E530505AA34E33D0970C457A9D475"
    },
    {
      "method": "Runtime.consoleAPICalled",
      "params": {
        "type": "error",
        "args": [
          {
            "type": "string",
            "value": "An error occurred during model execution: \"Error: failed to call OrtRun(). ERROR_CODE: 1, ERROR_MESSAGE: Non-zero status code returned while running GatherBlockQuantized node. Name:'/0/auto_model/embeddings/tok_embeddings/Gather_Q4' Status Message: Failed to create a WebGPU compute pipeline: A valid external Instance reference no longer exists.\"."
          }
        ],
        "executionContextId": 1,
        "timestamp": 1789072645636.152,
        "stackTrace": {
          "callFrames": [
            {
              "functionName": "error",
              "scriptId": "9",
              "url": "https://cdn.jsdelivr.net/npm/@huggingface/transformers@4.2.0",
              "lineNumber": 0,
              "columnNumber": 3812
            },
            {
              "functionName": "ue",
              "scriptId": "9",
              "url": "https://cdn.jsdelivr.net/npm/@huggingface/transformers@4.2.0",
              "lineNumber": 36,
              "columnNumber": 17484
            }
          ]
        }
      },
      "sessionId": "018E530505AA34E33D0970C457A9D475"
    },
    {
      "method": "Runtime.consoleAPICalled",
      "params": {
        "type": "error",
        "args": [
          {
            "type": "string",
            "value": "Inputs given to model:"
          },
          {
            "type": "object",
            "className": "Object",
            "description": "Object",
            "objectId": "5810534595104711865.1.58",
            "preview": {
              "type": "object",
              "description": "Object",
              "overflow": false,
              "properties": [
                {
                  "name": "input_ids",
                  "type": "object",
                  "value": "Object"
                },
                {
                  "name": "attention_mask",
                  "type": "object",
                  "value": "Object"
                }
              ]
            }
          }
        ],
        "executionContextId": 1,
        "timestamp": 1789072645636.416,
        "stackTrace": {
          "callFrames": [
            {
              "functionName": "error",
              "scriptId": "9",
              "url": "https://cdn.jsdelivr.net/npm/@huggingface/transformers@4.2.0",
              "lineNumber": 0,
              "columnNumber": 3812
            },
            {
              "functionName": "ue",
              "scriptId": "9",
              "url": "https://cdn.jsdelivr.net/npm/@huggingface/transformers@4.2.0",
              "lineNumber": 36,
              "columnNumber": 17546
            }
          ]
        }
      },
      "sessionId": "018E530505AA34E33D0970C457A9D475"
    },
    {
      "method": "Runtime.consoleAPICalled",
      "params": {
        "type": "error",
        "args": [
          {
            "type": "string",
            "value": "An error occurred during model execution: \"Error: failed to call OrtRun(). ERROR_CODE: 1, ERROR_MESSAGE: Non-zero status code returned while running GatherBlockQuantized node. Name:'/0/auto_model/embeddings/tok_embeddings/Gather_Q4' Status Message: Failed to create a WebGPU compute pipeline: A valid external Instance reference no longer exists.\"."
          }
        ],
        "executionContextId": 1,
        "timestamp": 1789072645637.789,
        "stackTrace": {
          "callFrames": [
            {
              "functionName": "error",
              "scriptId": "9",
              "url": "https://cdn.jsdelivr.net/npm/@huggingface/transformers@4.2.0",
              "lineNumber": 0,
              "columnNumber": 3812
            },
            {
              "functionName": "ue",
              "scriptId": "9",
              "url": "https://cdn.jsdelivr.net/npm/@huggingface/transformers@4.2.0",
              "lineNumber": 36,
              "columnNumber": 17484
            }
          ]
        }
      },
      "sessionId": "018E530505AA34E33D0970C457A9D475"
    },
    {
      "method": "Runtime.consoleAPICalled",
      "params": {
        "type": "error",
        "args": [
          {
            "type": "string",
            "value": "Inputs given to model:"
          },
          {
            "type": "object",
            "className": "Object",
            "description": "Object",
            "objectId": "5810534595104711865.1.59",
            "preview": {
              "type": "object",
              "description": "Object",
              "overflow": false,
              "properties": [
                {
                  "name": "input_ids",
                  "type": "object",
                  "value": "Object"
                },
                {
                  "name": "attention_mask",
                  "type": "object",
                  "value": "Object"
                }
              ]
            }
          }
        ],
        "executionContextId": 1,
        "timestamp": 1789072645638.204,
        "stackTrace": {
          "callFrames": [
            {
              "functionName": "error",
              "scriptId": "9",
              "url": "https://cdn.jsdelivr.net/npm/@huggingface/transformers@4.2.0",
              "lineNumber": 0,
              "columnNumber": 3812
            },
            {
              "functionName": "ue",
              "scriptId": "9",
              "url": "https://cdn.jsdelivr.net/npm/@huggingface/transformers@4.2.0",
              "lineNumber": 36,
              "columnNumber": 17546
            }
          ]
        }
      },
      "sessionId": "018E530505AA34E33D0970C457A9D475"
    },
    {
      "method": "Runtime.consoleAPICalled",
      "params": {
        "type": "error",
        "args": [
          {
            "type": "string",
            "value": "An error occurred during model execution: \"Error: failed to call OrtRun(). ERROR_CODE: 1, ERROR_MESSAGE: Non-zero status code returned while running GatherBlockQuantized node. Name:'/0/auto_model/embeddings/tok_embeddings/Gather_Q4' Status Message: Failed to create a WebGPU compute pipeline: A valid external Instance reference no longer exists.\"."
          }
        ],
        "executionContextId": 1,
        "timestamp": 1789072645639.516,
        "stackTrace": {
          "callFrames": [
            {
              "functionName": "error",
              "scriptId": "9",
              "url": "https://cdn.jsdelivr.net/npm/@huggingface/transformers@4.2.0",
              "lineNumber": 0,
              "columnNumber": 3812
            },
            {
              "functionName": "ue",
              "scriptId": "9",
              "url": "https://cdn.jsdelivr.net/npm/@huggingface/transformers@4.2.0",
              "lineNumber": 36,
              "columnNumber": 17484
            }
          ]
        }
      },
      "sessionId": "018E530505AA34E33D0970C457A9D475"
    },
    {
      "method": "Runtime.consoleAPICalled",
      "params": {
        "type": "error",
        "args": [
          {
            "type": "string",
            "value": "Inputs given to model:"
          },
          {
            "type": "object",
            "className": "Object",
            "description": "Object",
            "objectId": "5810534595104711865.1.60",
            "preview": {
              "type": "object",
              "description": "Object",
              "overflow": false,
              "properties": [
                {
                  "name": "input_ids",
                  "type": "object",
                  "value": "Object"
                },
                {
                  "name": "attention_mask",
                  "type": "object",
                  "value": "Object"
                }
              ]
            }
          }
        ],
        "executionContextId": 1,
        "timestamp": 1789072645639.774,
        "stackTrace": {
          "callFrames": [
            {
              "functionName": "error",
              "scriptId": "9",
              "url": "https://cdn.jsdelivr.net/npm/@huggingface/transformers@4.2.0",
              "lineNumber": 0,
              "columnNumber": 3812
            },
            {
              "functionName": "ue",
              "scriptId": "9",
              "url": "https://cdn.jsdelivr.net/npm/@huggingface/transformers@4.2.0",
              "lineNumber": 36,
              "columnNumber": 17546
            }
          ]
        }
      },
      "sessionId": "018E530505AA34E33D0970C457A9D475"
    },
    {
      "method": "Runtime.consoleAPICalled",
      "params": {
        "type": "error",
        "args": [
          {
            "type": "string",
            "value": "An error occurred during model execution: \"Error: failed to call OrtRun(). ERROR_CODE: 1, ERROR_MESSAGE: Non-zero status code returned while running GatherBlockQuantized node. Name:'/0/auto_model/embeddings/tok_embeddings/Gather_Q4' Status Message: Failed to create a WebGPU compute pipeline: A valid external Instance reference no longer exists.\"."
          }
        ],
        "executionContextId": 1,
        "timestamp": 1789072645641.112,
        "stackTrace": {
          "callFrames": [
            {
              "functionName": "error",
              "scriptId": "9",
              "url": "https://cdn.jsdelivr.net/npm/@huggingface/transformers@4.2.0",
              "lineNumber": 0,
              "columnNumber": 3812
            },
            {
              "functionName": "ue",
              "scriptId": "9",
              "url": "https://cdn.jsdelivr.net/npm/@huggingface/transformers@4.2.0",
              "lineNumber": 36,
              "columnNumber": 17484
            }
          ]
        }
      },
      "sessionId": "018E530505AA34E33D0970C457A9D475"
    },
    {
      "method": "Runtime.consoleAPICalled",
      "params": {
        "type": "error",
        "args": [
          {
            "type": "string",
            "value": "Inputs given to model:"
          },
          {
            "type": "object",
            "className": "Object",
            "description": "Object",
            "objectId": "5810534595104711865.1.61",
            "preview": {
              "type": "object",
              "description": "Object",
              "overflow": false,
              "properties": [
                {
                  "name": "input_ids",
                  "type": "object",
                  "value": "Object"
                },
                {
                  "name": "attention_mask",
                  "type": "object",
                  "value": "Object"
                }
              ]
            }
          }
        ],
        "executionContextId": 1,
        "timestamp": 1789072645641.382,
        "stackTrace": {
          "callFrames": [
            {
              "functionName": "error",
              "scriptId": "9",
              "url": "https://cdn.jsdelivr.net/npm/@huggingface/transformers@4.2.0",
              "lineNumber": 0,
              "columnNumber": 3812
            },
            {
              "functionName": "ue",
              "scriptId": "9",
              "url": "https://cdn.jsdelivr.net/npm/@huggingface/transformers@4.2.0",
              "lineNumber": 36,
              "columnNumber": 17546
            }
          ]
        }
      },
      "sessionId": "018E530505AA34E33D0970C457A9D475"
    },
    {
      "method": "Runtime.consoleAPICalled",
      "params": {
        "type": "error",
        "args": [
          {
            "type": "string",
            "value": "An error occurred during model execution: \"Error: failed to call OrtRun(). ERROR_CODE: 1, ERROR_MESSAGE: Non-zero status code returned while running GatherBlockQuantized node. Name:'/0/auto_model/embeddings/tok_embeddings/Gather_Q4' Status Message: Failed to create a WebGPU compute pipeline: A valid external Instance reference no longer exists.\"."
          }
        ],
        "executionContextId": 1,
        "timestamp": 1789072645642.559,
        "stackTrace": {
          "callFrames": [
            {
              "functionName": "error",
              "scriptId": "9",
              "url": "https://cdn.jsdelivr.net/npm/@huggingface/transformers@4.2.0",
              "lineNumber": 0,
              "columnNumber": 3812
            },
            {
              "functionName": "ue",
              "scriptId": "9",
              "url": "https://cdn.jsdelivr.net/npm/@huggingface/transformers@4.2.0",
              "lineNumber": 36,
              "columnNumber": 17484
            }
          ]
        }
      },
      "sessionId": "018E530505AA34E33D0970C457A9D475"
    },
    {
      "method": "Runtime.consoleAPICalled",
      "params": {
        "type": "error",
        "args": [
          {
            "type": "string",
            "value": "Inputs given to model:"
          },
          {
            "type": "object",
            "className": "Object",
            "description": "Object",
            "objectId": "5810534595104711865.1.62",
            "preview": {
              "type": "object",
              "description": "Object",
              "overflow": false,
              "properties": [
                {
                  "name": "input_ids",
                  "type": "object",
                  "value": "Object"
                },
                {
                  "name": "attention_mask",
                  "type": "object",
                  "value": "Object"
                }
              ]
            }
          }
        ],
        "executionContextId": 1,
        "timestamp": 1789072645642.793,
        "stackTrace": {
          "callFrames": [
            {
              "functionName": "error",
              "scriptId": "9",
              "url": "https://cdn.jsdelivr.net/npm/@huggingface/transformers@4.2.0",
              "lineNumber": 0,
              "columnNumber": 3812
            },
            {
              "functionName": "ue",
              "scriptId": "9",
              "url": "https://cdn.jsdelivr.net/npm/@huggingface/transformers@4.2.0",
              "lineNumber": 36,
              "columnNumber": 17546
            }
          ]
        }
      },
      "sessionId": "018E530505AA34E33D0970C457A9D475"
    },
    {
      "method": "Runtime.consoleAPICalled",
      "params": {
        "type": "error",
        "args": [
          {
            "type": "string",
            "value": "An error occurred during model execution: \"Error: failed to call OrtRun(). ERROR_CODE: 1, ERROR_MESSAGE: Non-zero status code returned while running GatherBlockQuantized node. Name:'/0/auto_model/embeddings/tok_embeddings/Gather_Q4' Status Message: Failed to create a WebGPU compute pipeline: A valid external Instance reference no longer exists.\"."
          }
        ],
        "executionContextId": 1,
        "timestamp": 1789072645643.944,
        "stackTrace": {
          "callFrames": [
            {
              "functionName": "error",
              "scriptId": "9",
              "url": "https://cdn.jsdelivr.net/npm/@huggingface/transformers@4.2.0",
              "lineNumber": 0,
              "columnNumber": 3812
            },
            {
              "functionName": "ue",
              "scriptId": "9",
              "url": "https://cdn.jsdelivr.net/npm/@huggingface/transformers@4.2.0",
              "lineNumber": 36,
              "columnNumber": 17484
            }
          ]
        }
      },
      "sessionId": "018E530505AA34E33D0970C457A9D475"
    },
    {
      "method": "Runtime.consoleAPICalled",
      "params": {
        "type": "error",
        "args": [
          {
            "type": "string",
            "value": "Inputs given to model:"
          },
          {
            "type": "object",
            "className": "Object",
            "description": "Object",
            "objectId": "5810534595104711865.1.63",
            "preview": {
              "type": "object",
              "description": "Object",
              "overflow": false,
              "properties": [
                {
                  "name": "input_ids",
                  "type": "object",
                  "value": "Object"
                },
                {
                  "name": "attention_mask",
                  "type": "object",
                  "value": "Object"
                }
              ]
            }
          }
        ],
        "executionContextId": 1,
        "timestamp": 1789072645644.185,
        "stackTrace": {
          "callFrames": [
            {
              "functionName": "error",
              "scriptId": "9",
              "url": "https://cdn.jsdelivr.net/npm/@huggingface/transformers@4.2.0",
              "lineNumber": 0,
              "columnNumber": 3812
            },
            {
              "functionName": "ue",
              "scriptId": "9",
              "url": "https://cdn.jsdelivr.net/npm/@huggingface/transformers@4.2.0",
              "lineNumber": 36,
              "columnNumber": 17546
            }
          ]
        }
      },
      "sessionId": "018E530505AA34E33D0970C457A9D475"
    },
    {
      "method": "Runtime.consoleAPICalled",
      "params": {
        "type": "error",
        "args": [
          {
            "type": "string",
            "value": "An error occurred during model execution: \"Error: failed to call OrtRun(). ERROR_CODE: 1, ERROR_MESSAGE: Non-zero status code returned while running GatherBlockQuantized node. Name:'/0/auto_model/embeddings/tok_embeddings/Gather_Q4' Status Message: Failed to create a WebGPU compute pipeline: A valid external Instance reference no longer exists.\"."
          }
        ],
        "executionContextId": 1,
        "timestamp": 1789072645645.303,
        "stackTrace": {
          "callFrames": [
            {
              "functionName": "error",
              "scriptId": "9",
              "url": "https://cdn.jsdelivr.net/npm/@huggingface/transformers@4.2.0",
              "lineNumber": 0,
              "columnNumber": 3812
            },
            {
              "functionName": "ue",
              "scriptId": "9",
              "url": "https://cdn.jsdelivr.net/npm/@huggingface/transformers@4.2.0",
              "lineNumber": 36,
              "columnNumber": 17484
            }
          ]
        }
      },
      "sessionId": "018E530505AA34E33D0970C457A9D475"
    },
    {
      "method": "Runtime.consoleAPICalled",
      "params": {
        "type": "error",
        "args": [
          {
            "type": "string",
            "value": "Inputs given to model:"
          },
          {
            "type": "object",
            "className": "Object",
            "description": "Object",
            "objectId": "5810534595104711865.1.64",
            "preview": {
              "type": "object",
              "description": "Object",
              "overflow": false,
              "properties": [
                {
                  "name": "input_ids",
                  "type": "object",
                  "value": "Object"
                },
                {
                  "name": "attention_mask",
                  "type": "object",
                  "value": "Object"
                }
              ]
            }
          }
        ],
        "executionContextId": 1,
        "timestamp": 1789072645645.528,
        "stackTrace": {
          "callFrames": [
            {
              "functionName": "error",
              "scriptId": "9",
              "url": "https://cdn.jsdelivr.net/npm/@huggingface/transformers@4.2.0",
              "lineNumber": 0,
              "columnNumber": 3812
            },
            {
              "functionName": "ue",
              "scriptId": "9",
              "url": "https://cdn.jsdelivr.net/npm/@huggingface/transformers@4.2.0",
              "lineNumber": 36,
              "columnNumber": 17546
            }
          ]
        }
      },
      "sessionId": "018E530505AA34E33D0970C457A9D475"
    },
    {
      "method": "Runtime.consoleAPICalled",
      "params": {
        "type": "error",
        "args": [
          {
            "type": "string",
            "value": "An error occurred during model execution: \"Error: failed to call OrtRun(). ERROR_CODE: 1, ERROR_MESSAGE: Non-zero status code returned while running GatherBlockQuantized node. Name:'/0/auto_model/embeddings/tok_embeddings/Gather_Q4' Status Message: Failed to create a WebGPU compute pipeline: A valid external Instance reference no longer exists.\"."
          }
        ],
        "executionContextId": 1,
        "timestamp": 1789072645646.602,
        "stackTrace": {
          "callFrames": [
            {
              "functionName": "error",
              "scriptId": "9",
              "url": "https://cdn.jsdelivr.net/npm/@huggingface/transformers@4.2.0",
              "lineNumber": 0,
              "columnNumber": 3812
            },
            {
              "functionName": "ue",
              "scriptId": "9",
              "url": "https://cdn.jsdelivr.net/npm/@huggingface/transformers@4.2.0",
              "lineNumber": 36,
              "columnNumber": 17484
            }
          ]
        }
      },
      "sessionId": "018E530505AA34E33D0970C457A9D475"
    },
    {
      "method": "Runtime.consoleAPICalled",
      "params": {
        "type": "error",
        "args": [
          {
            "type": "string",
            "value": "Inputs given to model:"
          },
          {
            "type": "object",
            "className": "Object",
            "description": "Object",
            "objectId": "5810534595104711865.1.65",
            "preview": {
              "type": "object",
              "description": "Object",
              "overflow": false,
              "properties": [
                {
                  "name": "input_ids",
                  "type": "object",
                  "value": "Object"
                },
                {
                  "name": "attention_mask",
                  "type": "object",
                  "value": "Object"
                }
              ]
            }
          }
        ],
        "executionContextId": 1,
        "timestamp": 1789072645646.811,
        "stackTrace": {
          "callFrames": [
            {
              "functionName": "error",
              "scriptId": "9",
              "url": "https://cdn.jsdelivr.net/npm/@huggingface/transformers@4.2.0",
              "lineNumber": 0,
              "columnNumber": 3812
            },
            {
              "functionName": "ue",
              "scriptId": "9",
              "url": "https://cdn.jsdelivr.net/npm/@huggingface/transformers@4.2.0",
              "lineNumber": 36,
              "columnNumber": 17546
            }
          ]
        }
      },
      "sessionId": "018E530505AA34E33D0970C457A9D475"
    },
    {
      "method": "Runtime.consoleAPICalled",
      "params": {
        "type": "error",
        "args": [
          {
            "type": "string",
            "value": "An error occurred during model execution: \"Error: failed to call OrtRun(). ERROR_CODE: 1, ERROR_MESSAGE: Non-zero status code returned while running GatherBlockQuantized node. Name:'/0/auto_model/embeddings/tok_embeddings/Gather_Q4' Status Message: Failed to create a WebGPU compute pipeline: A valid external Instance reference no longer exists.\"."
          }
        ],
        "executionContextId": 1,
        "timestamp": 1789072645647.874,
        "stackTrace": {
          "callFrames": [
            {
              "functionName": "error",
              "scriptId": "9",
              "url": "https://cdn.jsdelivr.net/npm/@huggingface/transformers@4.2.0",
              "lineNumber": 0,
              "columnNumber": 3812
            },
            {
              "functionName": "ue",
              "scriptId": "9",
              "url": "https://cdn.jsdelivr.net/npm/@huggingface/transformers@4.2.0",
              "lineNumber": 36,
              "columnNumber": 17484
            }
          ]
        }
      },
      "sessionId": "018E530505AA34E33D0970C457A9D475"
    },
    {
      "method": "Runtime.consoleAPICalled",
      "params": {
        "type": "error",
        "args": [
          {
            "type": "string",
            "value": "Inputs given to model:"
          },
          {
            "type": "object",
            "className": "Object",
            "description": "Object",
            "objectId": "5810534595104711865.1.66",
            "preview": {
              "type": "object",
              "description": "Object",
              "overflow": false,
              "properties": [
                {
                  "name": "input_ids",
                  "type": "object",
                  "value": "Object"
                },
                {
                  "name": "attention_mask",
                  "type": "object",
                  "value": "Object"
                }
              ]
            }
          }
        ],
        "executionContextId": 1,
        "timestamp": 1789072645648.091,
        "stackTrace": {
          "callFrames": [
            {
              "functionName": "error",
              "scriptId": "9",
              "url": "https://cdn.jsdelivr.net/npm/@huggingface/transformers@4.2.0",
              "lineNumber": 0,
              "columnNumber": 3812
            },
            {
              "functionName": "ue",
              "scriptId": "9",
              "url": "https://cdn.jsdelivr.net/npm/@huggingface/transformers@4.2.0",
              "lineNumber": 36,
              "columnNumber": 17546
            }
          ]
        }
      },
      "sessionId": "018E530505AA34E33D0970C457A9D475"
    },
    {
      "method": "Runtime.consoleAPICalled",
      "params": {
        "type": "error",
        "args": [
          {
            "type": "string",
            "value": "An error occurred during model execution: \"Error: failed to call OrtRun(). ERROR_CODE: 1, ERROR_MESSAGE: Non-zero status code returned while running GatherBlockQuantized node. Name:'/0/auto_model/embeddings/tok_embeddings/Gather_Q4' Status Message: Failed to create a WebGPU compute pipeline: A valid external Instance reference no longer exists.\"."
          }
        ],
        "executionContextId": 1,
        "timestamp": 1789072645649.259,
        "stackTrace": {
          "callFrames": [
            {
              "functionName": "error",
              "scriptId": "9",
              "url": "https://cdn.jsdelivr.net/npm/@huggingface/transformers@4.2.0",
              "lineNumber": 0,
              "columnNumber": 3812
            },
            {
              "functionName": "ue",
              "scriptId": "9",
              "url": "https://cdn.jsdelivr.net/npm/@huggingface/transformers@4.2.0",
              "lineNumber": 36,
              "columnNumber": 17484
            }
          ]
        }
      },
      "sessionId": "018E530505AA34E33D0970C457A9D475"
    },
    {
      "method": "Runtime.consoleAPICalled",
      "params": {
        "type": "error",
        "args": [
          {
            "type": "string",
            "value": "Inputs given to model:"
          },
          {
            "type": "object",
            "className": "Object",
            "description": "Object",
            "objectId": "5810534595104711865.1.67",
            "preview": {
              "type": "object",
              "description": "Object",
              "overflow": false,
              "properties": [
                {
                  "name": "input_ids",
                  "type": "object",
                  "value": "Object"
                },
                {
                  "name": "attention_mask",
                  "type": "object",
                  "value": "Object"
                }
              ]
            }
          }
        ],
        "executionContextId": 1,
        "timestamp": 1789072645649.487,
        "stackTrace": {
          "callFrames": [
            {
              "functionName": "error",
              "scriptId": "9",
              "url": "https://cdn.jsdelivr.net/npm/@huggingface/transformers@4.2.0",
              "lineNumber": 0,
              "columnNumber": 3812
            },
            {
              "functionName": "ue",
              "scriptId": "9",
              "url": "https://cdn.jsdelivr.net/npm/@huggingface/transformers@4.2.0",
              "lineNumber": 36,
              "columnNumber": 17546
            }
          ]
        }
      },
      "sessionId": "018E530505AA34E33D0970C457A9D475"
    },
    {
      "method": "Runtime.consoleAPICalled",
      "params": {
        "type": "error",
        "args": [
          {
            "type": "string",
            "value": "An error occurred during model execution: \"Error: failed to call OrtRun(). ERROR_CODE: 1, ERROR_MESSAGE: Non-zero status code returned while running GatherBlockQuantized node. Name:'/0/auto_model/embeddings/tok_embeddings/Gather_Q4' Status Message: Failed to create a WebGPU compute pipeline: A valid external Instance reference no longer exists.\"."
          }
        ],
        "executionContextId": 1,
        "timestamp": 1789072645650.834,
        "stackTrace": {
          "callFrames": [
            {
              "functionName": "error",
              "scriptId": "9",
              "url": "https://cdn.jsdelivr.net/npm/@huggingface/transformers@4.2.0",
              "lineNumber": 0,
              "columnNumber": 3812
            },
            {
              "functionName": "ue",
              "scriptId": "9",
              "url": "https://cdn.jsdelivr.net/npm/@huggingface/transformers@4.2.0",
              "lineNumber": 36,
              "columnNumber": 17484
            }
          ]
        }
      },
      "sessionId": "018E530505AA34E33D0970C457A9D475"
    },
    {
      "method": "Runtime.consoleAPICalled",
      "params": {
        "type": "error",
        "args": [
          {
            "type": "string",
            "value": "Inputs given to model:"
          },
          {
            "type": "object",
            "className": "Object",
            "description": "Object",
            "objectId": "5810534595104711865.1.68",
            "preview": {
              "type": "object",
              "description": "Object",
              "overflow": false,
              "properties": [
                {
                  "name": "input_ids",
                  "type": "object",
                  "value": "Object"
                },
                {
                  "name": "attention_mask",
                  "type": "object",
                  "value": "Object"
                }
              ]
            }
          }
        ],
        "executionContextId": 1,
        "timestamp": 1789072645651.23,
        "stackTrace": {
          "callFrames": [
            {
              "functionName": "error",
              "scriptId": "9",
              "url": "https://cdn.jsdelivr.net/npm/@huggingface/transformers@4.2.0",
              "lineNumber": 0,
              "columnNumber": 3812
            },
            {
              "functionName": "ue",
              "scriptId": "9",
              "url": "https://cdn.jsdelivr.net/npm/@huggingface/transformers@4.2.0",
              "lineNumber": 36,
              "columnNumber": 17546
            }
          ]
        }
      },
      "sessionId": "018E530505AA34E33D0970C457A9D475"
    },
    {
      "method": "Runtime.consoleAPICalled",
      "params": {
        "type": "error",
        "args": [
          {
            "type": "string",
            "value": "An error occurred during model execution: \"Error: failed to call OrtRun(). ERROR_CODE: 1, ERROR_MESSAGE: Non-zero status code returned while running GatherBlockQuantized node. Name:'/0/auto_model/embeddings/tok_embeddings/Gather_Q4' Status Message: Failed to create a WebGPU compute pipeline: A valid external Instance reference no longer exists.\"."
          }
        ],
        "executionContextId": 1,
        "timestamp": 1789072645652.46,
        "stackTrace": {
          "callFrames": [
            {
              "functionName": "error",
              "scriptId": "9",
              "url": "https://cdn.jsdelivr.net/npm/@huggingface/transformers@4.2.0",
              "lineNumber": 0,
              "columnNumber": 3812
            },
            {
              "functionName": "ue",
              "scriptId": "9",
              "url": "https://cdn.jsdelivr.net/npm/@huggingface/transformers@4.2.0",
              "lineNumber": 36,
              "columnNumber": 17484
            }
          ]
        }
      },
      "sessionId": "018E530505AA34E33D0970C457A9D475"
    },
    {
      "method": "Runtime.consoleAPICalled",
      "params": {
        "type": "error",
        "args": [
          {
            "type": "string",
            "value": "Inputs given to model:"
          },
          {
            "type": "object",
            "className": "Object",
            "description": "Object",
            "objectId": "5810534595104711865.1.69",
            "preview": {
              "type": "object",
              "description": "Object",
              "overflow": false,
              "properties": [
                {
                  "name": "input_ids",
                  "type": "object",
                  "value": "Object"
                },
                {
                  "name": "attention_mask",
                  "type": "object",
                  "value": "Object"
                }
              ]
            }
          }
        ],
        "executionContextId": 1,
        "timestamp": 1789072645652.706,
        "stackTrace": {
          "callFrames": [
            {
              "functionName": "error",
              "scriptId": "9",
              "url": "https://cdn.jsdelivr.net/npm/@huggingface/transformers@4.2.0",
              "lineNumber": 0,
              "columnNumber": 3812
            },
            {
              "functionName": "ue",
              "scriptId": "9",
              "url": "https://cdn.jsdelivr.net/npm/@huggingface/transformers@4.2.0",
              "lineNumber": 36,
              "columnNumber": 17546
            }
          ]
        }
      },
      "sessionId": "018E530505AA34E33D0970C457A9D475"
    },
    {
      "method": "Runtime.consoleAPICalled",
      "params": {
        "type": "error",
        "args": [
          {
            "type": "string",
            "value": "An error occurred during model execution: \"Error: failed to call OrtRun(). ERROR_CODE: 1, ERROR_MESSAGE: Non-zero status code returned while running GatherBlockQuantized node. Name:'/0/auto_model/embeddings/tok_embeddings/Gather_Q4' Status Message: Failed to create a WebGPU compute pipeline: A valid external Instance reference no longer exists.\"."
          }
        ],
        "executionContextId": 1,
        "timestamp": 1789072645653.825,
        "stackTrace": {
          "callFrames": [
            {
              "functionName": "error",
              "scriptId": "9",
              "url": "https://cdn.jsdelivr.net/npm/@huggingface/transformers@4.2.0",
              "lineNumber": 0,
              "columnNumber": 3812
            },
            {
              "functionName": "ue",
              "scriptId": "9",
              "url": "https://cdn.jsdelivr.net/npm/@huggingface/transformers@4.2.0",
              "lineNumber": 36,
              "columnNumber": 17484
            }
          ]
        }
      },
      "sessionId": "018E530505AA34E33D0970C457A9D475"
    },
    {
      "method": "Runtime.consoleAPICalled",
      "params": {
        "type": "error",
        "args": [
          {
            "type": "string",
            "value": "Inputs given to model:"
          },
          {
            "type": "object",
            "className": "Object",
            "description": "Object",
            "objectId": "5810534595104711865.1.70",
            "preview": {
              "type": "object",
              "description": "Object",
              "overflow": false,
              "properties": [
                {
                  "name": "input_ids",
                  "type": "object",
                  "value": "Object"
                },
                {
                  "name": "attention_mask",
                  "type": "object",
                  "value": "Object"
                }
              ]
            }
          }
        ],
        "executionContextId": 1,
        "timestamp": 1789072645654.039,
        "stackTrace": {
          "callFrames": [
            {
              "functionName": "error",
              "scriptId": "9",
              "url": "https://cdn.jsdelivr.net/npm/@huggingface/transformers@4.2.0",
              "lineNumber": 0,
              "columnNumber": 3812
            },
            {
              "functionName": "ue",
              "scriptId": "9",
              "url": "https://cdn.jsdelivr.net/npm/@huggingface/transformers@4.2.0",
              "lineNumber": 36,
              "columnNumber": 17546
            }
          ]
        }
      },
      "sessionId": "018E530505AA34E33D0970C457A9D475"
    },
    {
      "method": "Runtime.consoleAPICalled",
      "params": {
        "type": "error",
        "args": [
          {
            "type": "string",
            "value": "An error occurred during model execution: \"Error: failed to call OrtRun(). ERROR_CODE: 1, ERROR_MESSAGE: Non-zero status code returned while running GatherBlockQuantized node. Name:'/0/auto_model/embeddings/tok_embeddings/Gather_Q4' Status Message: Failed to create a WebGPU compute pipeline: A valid external Instance reference no longer exists.\"."
          }
        ],
        "executionContextId": 1,
        "timestamp": 1789072645655.157,
        "stackTrace": {
          "callFrames": [
            {
              "functionName": "error",
              "scriptId": "9",
              "url": "https://cdn.jsdelivr.net/npm/@huggingface/transformers@4.2.0",
              "lineNumber": 0,
              "columnNumber": 3812
            },
            {
              "functionName": "ue",
              "scriptId": "9",
              "url": "https://cdn.jsdelivr.net/npm/@huggingface/transformers@4.2.0",
              "lineNumber": 36,
              "columnNumber": 17484
            }
          ]
        }
      },
      "sessionId": "018E530505AA34E33D0970C457A9D475"
    },
    {
      "method": "Runtime.consoleAPICalled",
      "params": {
        "type": "error",
        "args": [
          {
            "type": "string",
            "value": "Inputs given to model:"
          },
          {
            "type": "object",
            "className": "Object",
            "description": "Object",
            "objectId": "5810534595104711865.1.71",
            "preview": {
              "type": "object",
              "description": "Object",
              "overflow": false,
              "properties": [
                {
                  "name": "input_ids",
                  "type": "object",
                  "value": "Object"
                },
                {
                  "name": "attention_mask",
                  "type": "object",
                  "value": "Object"
                }
              ]
            }
          }
        ],
        "executionContextId": 1,
        "timestamp": 1789072645655.394,
        "stackTrace": {
          "callFrames": [
            {
              "functionName": "error",
              "scriptId": "9",
              "url": "https://cdn.jsdelivr.net/npm/@huggingface/transformers@4.2.0",
              "lineNumber": 0,
              "columnNumber": 3812
            },
            {
              "functionName": "ue",
              "scriptId": "9",
              "url": "https://cdn.jsdelivr.net/npm/@huggingface/transformers@4.2.0",
              "lineNumber": 36,
              "columnNumber": 17546
            }
          ]
        }
      },
      "sessionId": "018E530505AA34E33D0970C457A9D475"
    },
    {
      "method": "Runtime.consoleAPICalled",
      "params": {
        "type": "error",
        "args": [
          {
            "type": "string",
            "value": "An error occurred during model execution: \"Error: failed to call OrtRun(). ERROR_CODE: 1, ERROR_MESSAGE: Non-zero status code returned while running GatherBlockQuantized node. Name:'/0/auto_model/embeddings/tok_embeddings/Gather_Q4' Status Message: Failed to create a WebGPU compute pipeline: A valid external Instance reference no longer exists.\"."
          }
        ],
        "executionContextId": 1,
        "timestamp": 1789072645656.493,
        "stackTrace": {
          "callFrames": [
            {
              "functionName": "error",
              "scriptId": "9",
              "url": "https://cdn.jsdelivr.net/npm/@huggingface/transformers@4.2.0",
              "lineNumber": 0,
              "columnNumber": 3812
            },
            {
              "functionName": "ue",
              "scriptId": "9",
              "url": "https://cdn.jsdelivr.net/npm/@huggingface/transformers@4.2.0",
              "lineNumber": 36,
              "columnNumber": 17484
            }
          ]
        }
      },
      "sessionId": "018E530505AA34E33D0970C457A9D475"
    },
    {
      "method": "Runtime.consoleAPICalled",
      "params": {
        "type": "error",
        "args": [
          {
            "type": "string",
            "value": "Inputs given to model:"
          },
          {
            "type": "object",
            "className": "Object",
            "description": "Object",
            "objectId": "5810534595104711865.1.72",
            "preview": {
              "type": "object",
              "description": "Object",
              "overflow": false,
              "properties": [
                {
                  "name": "input_ids",
                  "type": "object",
                  "value": "Object"
                },
                {
                  "name": "attention_mask",
                  "type": "object",
                  "value": "Object"
                }
              ]
            }
          }
        ],
        "executionContextId": 1,
        "timestamp": 1789072645656.72,
        "stackTrace": {
          "callFrames": [
            {
              "functionName": "error",
              "scriptId": "9",
              "url": "https://cdn.jsdelivr.net/npm/@huggingface/transformers@4.2.0",
              "lineNumber": 0,
              "columnNumber": 3812
            },
            {
              "functionName": "ue",
              "scriptId": "9",
              "url": "https://cdn.jsdelivr.net/npm/@huggingface/transformers@4.2.0",
              "lineNumber": 36,
              "columnNumber": 17546
            }
          ]
        }
      },
      "sessionId": "018E530505AA34E33D0970C457A9D475"
    },
    {
      "method": "Runtime.consoleAPICalled",
      "params": {
        "type": "error",
        "args": [
          {
            "type": "string",
            "value": "An error occurred during model execution: \"Error: failed to call OrtRun(). ERROR_CODE: 1, ERROR_MESSAGE: Non-zero status code returned while running GatherBlockQuantized node. Name:'/0/auto_model/embeddings/tok_embeddings/Gather_Q4' Status Message: Failed to create a WebGPU compute pipeline: A valid external Instance reference no longer exists.\"."
          }
        ],
        "executionContextId": 1,
        "timestamp": 1789072645657.857,
        "stackTrace": {
          "callFrames": [
            {
              "functionName": "error",
              "scriptId": "9",
              "url": "https://cdn.jsdelivr.net/npm/@huggingface/transformers@4.2.0",
              "lineNumber": 0,
              "columnNumber": 3812
            },
            {
              "functionName": "ue",
              "scriptId": "9",
              "url": "https://cdn.jsdelivr.net/npm/@huggingface/transformers@4.2.0",
              "lineNumber": 36,
              "columnNumber": 17484
            }
          ]
        }
      },
      "sessionId": "018E530505AA34E33D0970C457A9D475"
    },
    {
      "method": "Runtime.consoleAPICalled",
      "params": {
        "type": "error",
        "args": [
          {
            "type": "string",
            "value": "Inputs given to model:"
          },
          {
            "type": "object",
            "className": "Object",
            "description": "Object",
            "objectId": "5810534595104711865.1.73",
            "preview": {
              "type": "object",
              "description": "Object",
              "overflow": false,
              "properties": [
                {
                  "name": "input_ids",
                  "type": "object",
                  "value": "Object"
                },
                {
                  "name": "attention_mask",
                  "type": "object",
                  "value": "Object"
                }
              ]
            }
          }
        ],
        "executionContextId": 1,
        "timestamp": 1789072645658.13,
        "stackTrace": {
          "callFrames": [
            {
              "functionName": "error",
              "scriptId": "9",
              "url": "https://cdn.jsdelivr.net/npm/@huggingface/transformers@4.2.0",
              "lineNumber": 0,
              "columnNumber": 3812
            },
            {
              "functionName": "ue",
              "scriptId": "9",
              "url": "https://cdn.jsdelivr.net/npm/@huggingface/transformers@4.2.0",
              "lineNumber": 36,
              "columnNumber": 17546
            }
          ]
        }
      },
      "sessionId": "018E530505AA34E33D0970C457A9D475"
    },
    {
      "method": "Runtime.consoleAPICalled",
      "params": {
        "type": "error",
        "args": [
          {
            "type": "string",
            "value": "An error occurred during model execution: \"Error: failed to call OrtRun(). ERROR_CODE: 1, ERROR_MESSAGE: Non-zero status code returned while running GatherBlockQuantized node. Name:'/0/auto_model/embeddings/tok_embeddings/Gather_Q4' Status Message: Failed to create a WebGPU compute pipeline: A valid external Instance reference no longer exists.\"."
          }
        ],
        "executionContextId": 1,
        "timestamp": 1789072645659.477,
        "stackTrace": {
          "callFrames": [
            {
              "functionName": "error",
              "scriptId": "9",
              "url": "https://cdn.jsdelivr.net/npm/@huggingface/transformers@4.2.0",
              "lineNumber": 0,
              "columnNumber": 3812
            },
            {
              "functionName": "ue",
              "scriptId": "9",
              "url": "https://cdn.jsdelivr.net/npm/@huggingface/transformers@4.2.0",
              "lineNumber": 36,
              "columnNumber": 17484
            }
          ]
        }
      },
      "sessionId": "018E530505AA34E33D0970C457A9D475"
    },
    {
      "method": "Runtime.consoleAPICalled",
      "params": {
        "type": "error",
        "args": [
          {
            "type": "string",
            "value": "Inputs given to model:"
          },
          {
            "type": "object",
            "className": "Object",
            "description": "Object",
            "objectId": "5810534595104711865.1.74",
            "preview": {
              "type": "object",
              "description": "Object",
              "overflow": false,
              "properties": [
                {
                  "name": "input_ids",
                  "type": "object",
                  "value": "Object"
                },
                {
                  "name": "attention_mask",
                  "type": "object",
                  "value": "Object"
                }
              ]
            }
          }
        ],
        "executionContextId": 1,
        "timestamp": 1789072645659.73,
        "stackTrace": {
          "callFrames": [
            {
              "functionName": "error",
              "scriptId": "9",
              "url": "https://cdn.jsdelivr.net/npm/@huggingface/transformers@4.2.0",
              "lineNumber": 0,
              "columnNumber": 3812
            },
            {
              "functionName": "ue",
              "scriptId": "9",
              "url": "https://cdn.jsdelivr.net/npm/@huggingface/transformers@4.2.0",
              "lineNumber": 36,
              "columnNumber": 17546
            }
          ]
        }
      },
      "sessionId": "018E530505AA34E33D0970C457A9D475"
    },
    {
      "method": "Runtime.consoleAPICalled",
      "params": {
        "type": "error",
        "args": [
          {
            "type": "string",
            "value": "An error occurred during model execution: \"Error: failed to call OrtRun(). ERROR_CODE: 1, ERROR_MESSAGE: Non-zero status code returned while running GatherBlockQuantized node. Name:'/0/auto_model/embeddings/tok_embeddings/Gather_Q4' Status Message: Failed to create a WebGPU compute pipeline: A valid external Instance reference no longer exists.\"."
          }
        ],
        "executionContextId": 1,
        "timestamp": 1789072645660.933,
        "stackTrace": {
          "callFrames": [
            {
              "functionName": "error",
              "scriptId": "9",
              "url": "https://cdn.jsdelivr.net/npm/@huggingface/transformers@4.2.0",
              "lineNumber": 0,
              "columnNumber": 3812
            },
            {
              "functionName": "ue",
              "scriptId": "9",
              "url": "https://cdn.jsdelivr.net/npm/@huggingface/transformers@4.2.0",
              "lineNumber": 36,
              "columnNumber": 17484
            }
          ]
        }
      },
      "sessionId": "018E530505AA34E33D0970C457A9D475"
    },
    {
      "method": "Runtime.consoleAPICalled",
      "params": {
        "type": "error",
        "args": [
          {
            "type": "string",
            "value": "Inputs given to model:"
          },
          {
            "type": "object",
            "className": "Object",
            "description": "Object",
            "objectId": "5810534595104711865.1.75",
            "preview": {
              "type": "object",
              "description": "Object",
              "overflow": false,
              "properties": [
                {
                  "name": "input_ids",
                  "type": "object",
                  "value": "Object"
                },
                {
                  "name": "attention_mask",
                  "type": "object",
                  "value": "Object"
                }
              ]
            }
          }
        ],
        "executionContextId": 1,
        "timestamp": 1789072645661.203,
        "stackTrace": {
          "callFrames": [
            {
              "functionName": "error",
              "scriptId": "9",
              "url": "https://cdn.jsdelivr.net/npm/@huggingface/transformers@4.2.0",
              "lineNumber": 0,
              "columnNumber": 3812
            },
            {
              "functionName": "ue",
              "scriptId": "9",
              "url": "https://cdn.jsdelivr.net/npm/@huggingface/transformers@4.2.0",
              "lineNumber": 36,
              "columnNumber": 17546
            }
          ]
        }
      },
      "sessionId": "018E530505AA34E33D0970C457A9D475"
    },
    {
      "method": "Runtime.consoleAPICalled",
      "params": {
        "type": "error",
        "args": [
          {
            "type": "string",
            "value": "An error occurred during model execution: \"Error: failed to call OrtRun(). ERROR_CODE: 1, ERROR_MESSAGE: Non-zero status code returned while running GatherBlockQuantized node. Name:'/0/auto_model/embeddings/tok_embeddings/Gather_Q4' Status Message: Failed to create a WebGPU compute pipeline: A valid external Instance reference no longer exists.\"."
          }
        ],
        "executionContextId": 1,
        "timestamp": 1789072645662.383,
        "stackTrace": {
          "callFrames": [
            {
              "functionName": "error",
              "scriptId": "9",
              "url": "https://cdn.jsdelivr.net/npm/@huggingface/transformers@4.2.0",
              "lineNumber": 0,
              "columnNumber": 3812
            },
            {
              "functionName": "ue",
              "scriptId": "9",
              "url": "https://cdn.jsdelivr.net/npm/@huggingface/transformers@4.2.0",
              "lineNumber": 36,
              "columnNumber": 17484
            }
          ]
        }
      },
      "sessionId": "018E530505AA34E33D0970C457A9D475"
    },
    {
      "method": "Runtime.consoleAPICalled",
      "params": {
        "type": "error",
        "args": [
          {
            "type": "string",
            "value": "Inputs given to model:"
          },
          {
            "type": "object",
            "className": "Object",
            "description": "Object",
            "objectId": "5810534595104711865.1.76",
            "preview": {
              "type": "object",
              "description": "Object",
              "overflow": false,
              "properties": [
                {
                  "name": "input_ids",
                  "type": "object",
                  "value": "Object"
                },
                {
                  "name": "attention_mask",
                  "type": "object",
                  "value": "Object"
                }
              ]
            }
          }
        ],
        "executionContextId": 1,
        "timestamp": 1789072645662.628,
        "stackTrace": {
          "callFrames": [
            {
              "functionName": "error",
              "scriptId": "9",
              "url": "https://cdn.jsdelivr.net/npm/@huggingface/transformers@4.2.0",
              "lineNumber": 0,
              "columnNumber": 3812
            },
            {
              "functionName": "ue",
              "scriptId": "9",
              "url": "https://cdn.jsdelivr.net/npm/@huggingface/transformers@4.2.0",
              "lineNumber": 36,
              "columnNumber": 17546
            }
          ]
        }
      },
      "sessionId": "018E530505AA34E33D0970C457A9D475"
    },
    {
      "method": "Runtime.consoleAPICalled",
      "params": {
        "type": "error",
        "args": [
          {
            "type": "string",
            "value": "An error occurred during model execution: \"Error: failed to call OrtRun(). ERROR_CODE: 1, ERROR_MESSAGE: Non-zero status code returned while running GatherBlockQuantized node. Name:'/0/auto_model/embeddings/tok_embeddings/Gather_Q4' Status Message: Failed to create a WebGPU compute pipeline: A valid external Instance reference no longer exists.\"."
          }
        ],
        "executionContextId": 1,
        "timestamp": 1789072645663.423,
        "stackTrace": {
          "callFrames": [
            {
              "functionName": "error",
              "scriptId": "9",
              "url": "https://cdn.jsdelivr.net/npm/@huggingface/transformers@4.2.0",
              "lineNumber": 0,
              "columnNumber": 3812
            },
            {
              "functionName": "ue",
              "scriptId": "9",
              "url": "https://cdn.jsdelivr.net/npm/@huggingface/transformers@4.2.0",
              "lineNumber": 36,
              "columnNumber": 17484
            }
          ]
        }
      },
      "sessionId": "018E530505AA34E33D0970C457A9D475"
    },
    {
      "method": "Runtime.consoleAPICalled",
      "params": {
        "type": "error",
        "args": [
          {
            "type": "string",
            "value": "Inputs given to model:"
          },
          {
            "type": "object",
            "className": "Object",
            "description": "Object",
            "objectId": "5810534595104711865.1.77",
            "preview": {
              "type": "object",
              "description": "Object",
              "overflow": false,
              "properties": [
                {
                  "name": "input_ids",
                  "type": "object",
                  "value": "Object"
                },
                {
                  "name": "attention_mask",
                  "type": "object",
                  "value": "Object"
                }
              ]
            }
          }
        ],
        "executionContextId": 1,
        "timestamp": 1789072645663.62,
        "stackTrace": {
          "callFrames": [
            {
              "functionName": "error",
              "scriptId": "9",
              "url": "https://cdn.jsdelivr.net/npm/@huggingface/transformers@4.2.0",
              "lineNumber": 0,
              "columnNumber": 3812
            },
            {
              "functionName": "ue",
              "scriptId": "9",
              "url": "https://cdn.jsdelivr.net/npm/@huggingface/transformers@4.2.0",
              "lineNumber": 36,
              "columnNumber": 17546
            }
          ]
        }
      },
      "sessionId": "018E530505AA34E33D0970C457A9D475"
    },
    {
      "method": "Runtime.consoleAPICalled",
      "params": {
        "type": "error",
        "args": [
          {
            "type": "string",
            "value": "An error occurred during model execution: \"Error: failed to call OrtRun(). ERROR_CODE: 1, ERROR_MESSAGE: Non-zero status code returned while running GatherBlockQuantized node. Name:'/0/auto_model/embeddings/tok_embeddings/Gather_Q4' Status Message: Failed to create a WebGPU compute pipeline: A valid external Instance reference no longer exists.\"."
          }
        ],
        "executionContextId": 1,
        "timestamp": 1789072645664.335,
        "stackTrace": {
          "callFrames": [
            {
              "functionName": "error",
              "scriptId": "9",
              "url": "https://cdn.jsdelivr.net/npm/@huggingface/transformers@4.2.0",
              "lineNumber": 0,
              "columnNumber": 3812
            },
            {
              "functionName": "ue",
              "scriptId": "9",
              "url": "https://cdn.jsdelivr.net/npm/@huggingface/transformers@4.2.0",
              "lineNumber": 36,
              "columnNumber": 17484
            }
          ]
        }
      },
      "sessionId": "018E530505AA34E33D0970C457A9D475"
    },
    {
      "method": "Runtime.consoleAPICalled",
      "params": {
        "type": "error",
        "args": [
          {
            "type": "string",
            "value": "Inputs given to model:"
          },
          {
            "type": "object",
            "className": "Object",
            "description": "Object",
            "objectId": "5810534595104711865.1.78",
            "preview": {
              "type": "object",
              "description": "Object",
              "overflow": false,
              "properties": [
                {
                  "name": "input_ids",
                  "type": "object",
                  "value": "Object"
                },
                {
                  "name": "attention_mask",
                  "type": "object",
                  "value": "Object"
                }
              ]
            }
          }
        ],
        "executionContextId": 1,
        "timestamp": 1789072645664.521,
        "stackTrace": {
          "callFrames": [
            {
              "functionName": "error",
              "scriptId": "9",
              "url": "https://cdn.jsdelivr.net/npm/@huggingface/transformers@4.2.0",
              "lineNumber": 0,
              "columnNumber": 3812
            },
            {
              "functionName": "ue",
              "scriptId": "9",
              "url": "https://cdn.jsdelivr.net/npm/@huggingface/transformers@4.2.0",
              "lineNumber": 36,
              "columnNumber": 17546
            }
          ]
        }
      },
      "sessionId": "018E530505AA34E33D0970C457A9D475"
    },
    {
      "method": "Runtime.consoleAPICalled",
      "params": {
        "type": "log",
        "args": [
          {
            "type": "string",
            "value": "[seek-debug] ignoring non-reply message"
          },
          {
            "type": "object",
            "className": "Object",
            "description": "Object",
            "objectId": "5810534595104711865.1.79",
            "preview": {
              "type": "object",
              "description": "Object",
              "overflow": false,
              "properties": [
                {
                  "name": "id",
                  "type": "string",
                  "value": "__event"
                },
                {
                  "name": "type",
                  "type": "undefined",
                  "value": "undefined"
                },
                {
                  "name": "keys",
                  "type": "object",
                  "value": "Array(2)",
                  "subtype": "array"
                }
              ]
            }
          }
        ],
        "executionContextId": 1,
        "timestamp": 1789072645666.207,
        "stackTrace": {
          "callFrames": [
            {
              "functionName": "",
              "scriptId": "5",
              "url": "http://127.0.0.1:41717/seek.html",
              "lineNumber": 26,
              "columnNumber": 12
            }
          ]
        }
      },
      "sessionId": "018E530505AA34E33D0970C457A9D475"
    },
    {
      "method": "Runtime.consoleAPICalled",
      "params": {
        "type": "log",
        "args": [
          {
            "type": "string",
            "value": "[seek-debug] rpc resolved"
          },
          {
            "type": "object",
            "className": "Object",
            "description": "Object",
            "objectId": "5810534595104711865.1.80",
            "preview": {
              "type": "object",
              "description": "Object",
              "overflow": false,
              "properties": [
                {
                  "name": "id",
                  "type": "string",
                  "value": "mcp-af59eea1-9e9f-4248-85a8-6ced05599f1f"
                },
                {
                  "name": "resultType",
                  "type": "string",
                  "value": "object"
                },
                {
                  "name": "keys",
                  "type": "object",
                  "value": "Array(11)",
                  "subtype": "array"
                }
              ]
            }
          }
        ],
        "executionContextId": 1,
        "timestamp": 1789072645667.288,
        "stackTrace": {
          "callFrames": [
            {
              "functionName": "",
              "scriptId": "5",
              "url": "http://127.0.0.1:41717/seek.html",
              "lineNumber": 36,
              "columnNumber": 12
            }
          ]
        }
      },
      "sessionId": "018E530505AA34E33D0970C457A9D475"
    },
    {
      "method": "Runtime.consoleAPICalled",
      "params": {
        "type": "log",
        "args": [
          {
            "type": "string",
            "value": "[seek-debug] load result"
          },
          {
            "type": "object",
            "className": "Object",
            "description": "Object",
            "objectId": "5810534595104711865.1.81",
            "preview": {
              "type": "object",
              "description": "Object",
              "overflow": true,
              "properties": [
                {
                  "name": "device",
                  "type": "string",
                  "value": "webgpu"
                },
                {
                  "name": "dtype",
                  "type": "string",
                  "value": "q4"
                },
                {
                  "name": "coldStartMs",
                  "type": "number",
                  "value": "22954.399999999907"
                },
                {
                  "name": "warmupMs",
                  "type": "number",
                  "value": "559.1000000000931"
                },
                {
                  "name": "warmupSkipped",
                  "type": "boolean",
                  "value": "false"
                }
              ]
            }
          }
        ],
        "executionContextId": 1,
        "timestamp": 1789072645667.674,
        "stackTrace": {
          "callFrames": [
            {
              "functionName": "window.__seekEmbed",
              "scriptId": "5",
              "url": "http://127.0.0.1:41717/seek.html",
              "lineNumber": 67,
              "columnNumber": 14
            }
          ]
        }
      },
      "sessionId": "018E530505AA34E33D0970C457A9D475"
    },
    {
      "method": "Runtime.consoleAPICalled",
      "params": {
        "type": "log",
        "args": [
          {
            "type": "string",
            "value": "[seek-debug] rpc request"
          },
          {
            "type": "object",
            "className": "Object",
            "description": "Object",
            "objectId": "5810534595104711865.1.82",
            "preview": {
              "type": "object",
              "description": "Object",
              "overflow": false,
              "properties": [
                {
                  "name": "id",
                  "type": "string",
                  "value": "mcp-440c6a95-f3d4-429c-9434-174041651b69"
                },
                {
                  "name": "type",
                  "type": "string",
                  "value": "embed"
                },
                {
                  "name": "payloadKeys",
                  "type": "object",
                  "value": "Array(1)",
                  "subtype": "array"
                }
              ]
            }
          }
        ],
        "executionContextId": 1,
        "timestamp": 1789072645668.036,
        "stackTrace": {
          "callFrames": [
            {
              "functionName": "",
              "scriptId": "5",
              "url": "http://127.0.0.1:41717/seek.html",
              "lineNumber": 48,
              "columnNumber": 10
            },
            {
              "functionName": "window.__seekRpc",
              "scriptId": "5",
              "url": "http://127.0.0.1:41717/seek.html",
              "lineNumber": 46,
              "columnNumber": 38
            },
            {
              "functionName": "window.__seekEmbed",
              "scriptId": "5",
              "url": "http://127.0.0.1:41717/seek.html",
              "lineNumber": 73,
              "columnNumber": 32
            }
          ]
        }
      },
      "sessionId": "018E530505AA34E33D0970C457A9D475"
    },
    {
      "method": "Runtime.consoleAPICalled",
      "params": {
        "type": "log",
        "args": [
          {
            "type": "string",
            "value": "[seek-debug] ignoring non-reply message"
          },
          {
            "type": "object",
            "className": "Object",
            "description": "Object",
            "objectId": "5810534595104711865.1.83",
            "preview": {
              "type": "object",
              "description": "Object",
              "overflow": false,
              "properties": [
                {
                  "name": "id",
                  "type": "string",
                  "value": "mcp-440c6a95-f3d4-429c-9434-174041651b69"
                },
                {
                  "name": "type",
                  "type": "string",
                  "value": "embed"
                },
                {
                  "name": "keys",
                  "type": "object",
                  "value": "Array(3)",
                  "subtype": "array"
                }
              ]
            }
          }
        ],
        "executionContextId": 1,
        "timestamp": 1789072645668.915,
        "stackTrace": {
          "callFrames": [
            {
              "functionName": "",
              "scriptId": "5",
              "url": "http://127.0.0.1:41717/seek.html",
              "lineNumber": 26,
              "columnNumber": 12
            }
          ]
        }
      },
      "sessionId": "018E530505AA34E33D0970C457A9D475"
    },
    {
      "method": "Runtime.consoleAPICalled",
      "params": {
        "type": "error",
        "args": [
          {
            "type": "string",
            "value": "An error occurred during model execution: \"Error: failed to call OrtRun(). ERROR_CODE: 1, ERROR_MESSAGE: Non-zero status code returned while running GatherBlockQuantized node. Name:'/0/auto_model/embeddings/tok_embeddings/Gather_Q4' Status Message: Failed to create a WebGPU compute pipeline: A valid external Instance reference no longer exists.\"."
          }
        ],
        "executionContextId": 1,
        "timestamp": 1789072645671.615,
        "stackTrace": {
          "callFrames": [
            {
              "functionName": "error",
              "scriptId": "9",
              "url": "https://cdn.jsdelivr.net/npm/@huggingface/transformers@4.2.0",
              "lineNumber": 0,
              "columnNumber": 3812
            },
            {
              "functionName": "ue",
              "scriptId": "9",
              "url": "https://cdn.jsdelivr.net/npm/@huggingface/transformers@4.2.0",
              "lineNumber": 36,
              "columnNumber": 17484
            }
          ]
        }
      },
      "sessionId": "018E530505AA34E33D0970C457A9D475"
    },
    {
      "method": "Runtime.consoleAPICalled",
      "params": {
        "type": "error",
        "args": [
          {
            "type": "string",
            "value": "Inputs given to model:"
          },
          {
            "type": "object",
            "className": "Object",
            "description": "Object",
            "objectId": "5810534595104711865.1.84",
            "preview": {
              "type": "object",
              "description": "Object",
              "overflow": false,
              "properties": [
                {
                  "name": "input_ids",
                  "type": "object",
                  "value": "Object"
                },
                {
                  "name": "attention_mask",
                  "type": "object",
                  "value": "Object"
                }
              ]
            }
          }
        ],
        "executionContextId": 1,
        "timestamp": 1789072645671.921,
        "stackTrace": {
          "callFrames": [
            {
              "functionName": "error",
              "scriptId": "9",
              "url": "https://cdn.jsdelivr.net/npm/@huggingface/transformers@4.2.0",
              "lineNumber": 0,
              "columnNumber": 3812
            },
            {
              "functionName": "ue",
              "scriptId": "9",
              "url": "https://cdn.jsdelivr.net/npm/@huggingface/transformers@4.2.0",
              "lineNumber": 36,
              "columnNumber": 17546
            }
          ]
        }
      },
      "sessionId": "018E530505AA34E33D0970C457A9D475"
    },
    {
      "method": "Runtime.consoleAPICalled",
      "params": {
        "type": "error",
        "args": [
          {
            "type": "string",
            "value": "[seek-debug] rpc rejected"
          },
          {
            "type": "object",
            "className": "Object",
            "description": "Object",
            "objectId": "5810534595104711865.1.85",
            "preview": {
              "type": "object",
              "description": "Object",
              "overflow": false,
              "properties": [
                {
                  "name": "id",
                  "type": "string",
                  "value": "mcp-440c6a95-f3d4-429c-9434-174041651b69"
                },
                {
                  "name": "error",
                  "type": "string",
                  "value": "Error: failed to call OrtRun(). ERROR_CODE: 1, ERR…lid external Instance reference no longer exists."
                },
                {
                  "name": "stack",
                  "type": "string",
                  "value": "Error: failed to call OrtRun(). ERROR_CODE: 1, ERR…adModel (http://127.0.0.1:41717/seek.html:468:41)"
                },
                {
                  "name": "keys",
                  "type": "object",
                  "value": "Array(4)",
                  "subtype": "array"
                },
                {
                  "name": "rawJson",
                  "type": "string",
                  "value": "{\"id\":\"mcp-440c6a95-f3d4-429c-9434-174041651b69\",\"…Model (http://127.0.0.1:41717/seek.html:468:41)\"}"
                }
              ]
            }
          }
        ],
        "executionContextId": 1,
        "timestamp": 1789072645675.183,
        "stackTrace": {
          "callFrames": [
            {
              "functionName": "",
              "scriptId": "5",
              "url": "http://127.0.0.1:41717/seek.html",
              "lineNumber": 42,
              "columnNumber": 12
            }
          ]
        }
      },
      "sessionId": "018E530505AA34E33D0970C457A9D475"
    },
    {
      "method": "Runtime.consoleAPICalled",
      "params": {
        "type": "error",
        "args": [
          {
            "type": "string",
            "value": "[seek-debug] __seekEmbed threw"
          },
          {
            "type": "object",
            "className": "Object",
            "description": "Object",
            "objectId": "5810534595104711865.1.86",
            "preview": {
              "type": "object",
              "description": "Object",
              "overflow": false,
              "properties": [
                {
                  "name": "text",
                  "type": "string",
                  "value": "OnePlus 6T raw browser diagnostics"
                },
                {
                  "name": "ready",
                  "type": "boolean",
                  "value": "true"
                },
                {
                  "name": "loaded",
                  "type": "boolean",
                  "value": "true"
                },
                {
                  "name": "detail",
                  "type": "string",
                  "value": "Error: Error: failed to call OrtRun(). ERROR_CODE:…ts.\n    at http://127.0.0.1:41717/seek.html:44:20"
                }
              ]
            }
          }
        ],
        "executionContextId": 1,
        "timestamp": 1789072645675.898,
        "stackTrace": {
          "callFrames": [
            {
              "functionName": "window.__seekEmbed",
              "scriptId": "5",
              "url": "http://127.0.0.1:41717/seek.html",
              "lineNumber": 95,
              "columnNumber": 12
            }
          ]
        }
      },
      "sessionId": "018E530505AA34E33D0970C457A9D475"
    }
  ],
  "discardedStartupEventCount": 3
}

=== test-7 complete ===
Send this log file back: /data/data/com.termux/files/home/Obsidian-Seek-MCP/chromium-sidecar-diagnostics-20260910-153700.log
